-- phpMyAdmin SQL Dump
-- version 5.2.0
-- https://www.phpmyadmin.net/
--
-- Host: localhost:3306
-- Generation Time: Dec 05, 2024 at 09:01 AM
-- Server version: 8.0.30
-- PHP Version: 8.3.7

SET SQL_MODE = "NO_AUTO_VALUE_ON_ZERO";
START TRANSACTION;
SET time_zone = "+00:00";


/*!40101 SET @OLD_CHARACTER_SET_CLIENT=@@CHARACTER_SET_CLIENT */;
/*!40101 SET @OLD_CHARACTER_SET_RESULTS=@@CHARACTER_SET_RESULTS */;
/*!40101 SET @OLD_COLLATION_CONNECTION=@@COLLATION_CONNECTION */;
/*!40101 SET NAMES utf8mb4 */;

--
-- Database: `quanlychamcong`
--

-- --------------------------------------------------------

--
-- Table structure for table `attendance`
--

CREATE TABLE `attendance` (
  `id` bigint UNSIGNED NOT NULL,
  `user_id` bigint UNSIGNED NOT NULL,
  `check_in` datetime NOT NULL,
  `check_out` datetime DEFAULT NULL,
  `check_in_status` enum('on_time','late','absent') COLLATE utf8mb3_unicode_ci NOT NULL,
  `check_out_status` enum('on_time','early_exit','ot') COLLATE utf8mb3_unicode_ci DEFAULT NULL,
  `created_at` timestamp NOT NULL DEFAULT CURRENT_TIMESTAMP,
  `updated_at` timestamp NOT NULL DEFAULT CURRENT_TIMESTAMP ON UPDATE CURRENT_TIMESTAMP
) ENGINE=InnoDB DEFAULT CHARSET=utf8mb3 COLLATE=utf8mb3_unicode_ci;

--
-- Dumping data for table `attendance`
--

INSERT INTO `attendance` (`id`, `user_id`, `check_in`, `check_out`, `check_in_status`, `check_out_status`, `created_at`, `updated_at`) VALUES
(1, 1, '2024-12-05 08:00:00', '2024-12-05 17:00:00', 'on_time', 'on_time', '2024-12-05 08:36:49', '2024-12-05 08:36:49'),
(2, 1, '2024-12-04 08:00:00', '2024-12-04 17:00:00', 'on_time', 'on_time', '2024-12-05 08:36:49', '2024-12-05 08:36:49'),
(3, 1, '2024-12-03 08:00:00', '2024-12-03 17:00:00', 'on_time', 'on_time', '2024-12-05 08:36:49', '2024-12-05 08:36:49'),
(4, 1, '2024-12-02 08:00:00', '2024-12-02 17:00:00', 'on_time', 'on_time', '2024-12-05 08:36:49', '2024-12-05 08:36:49'),
(5, 1, '2024-11-30 08:00:00', '2024-11-30 17:00:00', 'on_time', 'on_time', '2024-12-05 08:36:49', '2024-12-05 08:36:49'),
(6, 1, '2024-11-29 08:00:00', '2024-11-29 17:00:00', 'on_time', 'on_time', '2024-12-05 08:36:49', '2024-12-05 08:36:49'),
(7, 1, '2024-11-28 08:00:00', '2024-11-28 17:00:00', 'on_time', 'on_time', '2024-12-05 08:36:49', '2024-12-05 08:36:49'),
(8, 1, '2024-11-27 08:00:00', '2024-11-27 17:00:00', 'on_time', 'on_time', '2024-12-05 08:36:49', '2024-12-05 08:36:49'),
(9, 1, '2024-11-26 08:00:00', '2024-11-26 17:00:00', 'on_time', 'on_time', '2024-12-05 08:36:49', '2024-12-05 08:36:49'),
(10, 1, '2024-11-25 08:00:00', '2024-11-25 17:00:00', 'on_time', 'on_time', '2024-12-05 08:36:49', '2024-12-05 08:36:49'),
(11, 1, '2024-11-23 08:00:00', '2024-11-23 17:00:00', 'on_time', 'on_time', '2024-12-05 08:36:49', '2024-12-05 08:36:49'),
(12, 1, '2024-11-22 08:00:00', '2024-11-22 17:00:00', 'on_time', 'on_time', '2024-12-05 08:36:49', '2024-12-05 08:36:49'),
(13, 1, '2024-11-21 08:00:00', '2024-11-21 17:00:00', 'on_time', 'on_time', '2024-12-05 08:36:49', '2024-12-05 08:36:49'),
(14, 1, '2024-11-20 08:00:00', '2024-11-20 17:00:00', 'on_time', 'on_time', '2024-12-05 08:36:49', '2024-12-05 08:36:49'),
(15, 1, '2024-11-19 08:00:00', '2024-11-19 17:00:00', 'on_time', 'on_time', '2024-12-05 08:36:49', '2024-12-05 08:36:49'),
(16, 1, '2024-11-18 08:00:00', '2024-11-18 17:00:00', 'on_time', 'on_time', '2024-12-05 08:36:49', '2024-12-05 08:36:49'),
(17, 1, '2024-11-16 08:00:00', '2024-11-16 17:00:00', 'on_time', 'on_time', '2024-12-05 08:36:49', '2024-12-05 08:36:49'),
(18, 1, '2024-11-15 08:00:00', '2024-11-15 17:00:00', 'on_time', 'on_time', '2024-12-05 08:36:49', '2024-12-05 08:36:49'),
(19, 1, '2024-11-14 08:00:00', '2024-11-14 17:00:00', 'on_time', 'on_time', '2024-12-05 08:36:49', '2024-12-05 08:36:49'),
(20, 1, '2024-11-13 08:00:00', '2024-11-13 17:00:00', 'on_time', 'on_time', '2024-12-05 08:36:49', '2024-12-05 08:36:49'),
(21, 1, '2024-11-12 08:00:00', '2024-11-12 17:00:00', 'on_time', 'on_time', '2024-12-05 08:36:49', '2024-12-05 08:36:49'),
(22, 1, '2024-11-11 08:00:00', '2024-11-11 17:00:00', 'on_time', 'on_time', '2024-12-05 08:36:49', '2024-12-05 08:36:49'),
(23, 1, '2024-11-09 08:00:00', '2024-11-09 17:00:00', 'on_time', 'on_time', '2024-12-05 08:36:49', '2024-12-05 08:36:49'),
(24, 1, '2024-11-08 08:00:00', '2024-11-08 17:00:00', 'on_time', 'on_time', '2024-12-05 08:36:49', '2024-12-05 08:36:49'),
(25, 1, '2024-11-07 08:00:00', '2024-11-07 17:00:00', 'on_time', 'on_time', '2024-12-05 08:36:49', '2024-12-05 08:36:49'),
(26, 1, '2024-11-06 08:00:00', '2024-11-06 17:00:00', 'on_time', 'on_time', '2024-12-05 08:36:49', '2024-12-05 08:36:49'),
(27, 2, '2024-12-05 08:00:00', '2024-12-05 17:00:00', 'on_time', 'on_time', '2024-12-05 08:36:49', '2024-12-05 08:36:49'),
(28, 2, '2024-12-04 08:00:00', '2024-12-04 17:00:00', 'on_time', 'on_time', '2024-12-05 08:36:49', '2024-12-05 08:36:49'),
(29, 2, '2024-12-03 08:00:00', '2024-12-03 17:00:00', 'on_time', 'on_time', '2024-12-05 08:36:49', '2024-12-05 08:36:49'),
(30, 2, '2024-12-02 08:00:00', '2024-12-02 17:00:00', 'on_time', 'on_time', '2024-12-05 08:36:49', '2024-12-05 08:36:49'),
(31, 2, '2024-11-30 08:00:00', '2024-11-30 17:00:00', 'on_time', 'on_time', '2024-12-05 08:36:49', '2024-12-05 08:36:49'),
(32, 2, '2024-11-29 08:00:00', '2024-11-29 17:00:00', 'on_time', 'on_time', '2024-12-05 08:36:49', '2024-12-05 08:36:49'),
(33, 2, '2024-11-28 08:00:00', '2024-11-28 17:00:00', 'on_time', 'on_time', '2024-12-05 08:36:49', '2024-12-05 08:36:49'),
(34, 2, '2024-11-27 08:00:00', '2024-11-27 17:00:00', 'on_time', 'on_time', '2024-12-05 08:36:49', '2024-12-05 08:36:49'),
(35, 2, '2024-11-26 08:00:00', '2024-11-26 17:00:00', 'on_time', 'on_time', '2024-12-05 08:36:49', '2024-12-05 08:36:49'),
(36, 2, '2024-11-25 08:00:00', '2024-11-25 17:00:00', 'on_time', 'on_time', '2024-12-05 08:36:49', '2024-12-05 08:36:49'),
(37, 2, '2024-11-23 08:00:00', '2024-11-23 17:00:00', 'on_time', 'on_time', '2024-12-05 08:36:49', '2024-12-05 08:36:49'),
(38, 2, '2024-11-22 08:00:00', '2024-11-22 17:00:00', 'on_time', 'on_time', '2024-12-05 08:36:49', '2024-12-05 08:36:49'),
(39, 2, '2024-11-21 08:00:00', '2024-11-21 17:00:00', 'on_time', 'on_time', '2024-12-05 08:36:49', '2024-12-05 08:36:49'),
(40, 2, '2024-11-20 08:00:00', '2024-11-20 17:00:00', 'on_time', 'on_time', '2024-12-05 08:36:49', '2024-12-05 08:36:49'),
(41, 2, '2024-11-19 08:00:00', '2024-11-19 17:00:00', 'on_time', 'on_time', '2024-12-05 08:36:49', '2024-12-05 08:36:49'),
(42, 2, '2024-11-18 08:00:00', '2024-11-18 17:00:00', 'on_time', 'on_time', '2024-12-05 08:36:49', '2024-12-05 08:36:49'),
(43, 2, '2024-11-16 08:00:00', '2024-11-16 17:00:00', 'on_time', 'on_time', '2024-12-05 08:36:49', '2024-12-05 08:36:49'),
(44, 2, '2024-11-15 08:00:00', '2024-11-15 17:00:00', 'on_time', 'on_time', '2024-12-05 08:36:49', '2024-12-05 08:36:49'),
(45, 2, '2024-11-14 08:00:00', '2024-11-14 17:00:00', 'on_time', 'on_time', '2024-12-05 08:36:49', '2024-12-05 08:36:49'),
(46, 2, '2024-11-13 08:00:00', '2024-11-13 17:00:00', 'on_time', 'on_time', '2024-12-05 08:36:49', '2024-12-05 08:36:49'),
(47, 2, '2024-11-12 08:00:00', '2024-11-12 17:00:00', 'on_time', 'on_time', '2024-12-05 08:36:49', '2024-12-05 08:36:49'),
(48, 2, '2024-11-11 08:00:00', '2024-11-11 17:00:00', 'on_time', 'on_time', '2024-12-05 08:36:49', '2024-12-05 08:36:49'),
(49, 2, '2024-11-09 08:00:00', '2024-11-09 17:00:00', 'on_time', 'on_time', '2024-12-05 08:36:49', '2024-12-05 08:36:49'),
(50, 2, '2024-11-08 08:00:00', '2024-11-08 17:00:00', 'on_time', 'on_time', '2024-12-05 08:36:49', '2024-12-05 08:36:49'),
(51, 2, '2024-11-07 08:00:00', '2024-11-07 17:00:00', 'on_time', 'on_time', '2024-12-05 08:36:49', '2024-12-05 08:36:49'),
(52, 2, '2024-11-06 08:00:00', '2024-11-06 17:00:00', 'on_time', 'on_time', '2024-12-05 08:36:49', '2024-12-05 08:36:49'),
(53, 3, '2024-12-05 08:00:00', '2024-12-05 17:00:00', 'on_time', 'on_time', '2024-12-05 08:36:49', '2024-12-05 08:36:49'),
(54, 3, '2024-12-04 08:00:00', '2024-12-04 17:00:00', 'on_time', 'on_time', '2024-12-05 08:36:49', '2024-12-05 08:36:49'),
(55, 3, '2024-12-03 08:00:00', '2024-12-03 17:00:00', 'on_time', 'on_time', '2024-12-05 08:36:49', '2024-12-05 08:36:49'),
(56, 3, '2024-12-02 08:00:00', '2024-12-02 17:00:00', 'on_time', 'on_time', '2024-12-05 08:36:49', '2024-12-05 08:36:49'),
(57, 3, '2024-11-30 08:00:00', '2024-11-30 17:00:00', 'on_time', 'on_time', '2024-12-05 08:36:49', '2024-12-05 08:36:49'),
(58, 3, '2024-11-29 08:00:00', '2024-11-29 17:00:00', 'on_time', 'on_time', '2024-12-05 08:36:49', '2024-12-05 08:36:49'),
(59, 3, '2024-11-28 08:00:00', '2024-11-28 17:00:00', 'on_time', 'on_time', '2024-12-05 08:36:49', '2024-12-05 08:36:49'),
(60, 3, '2024-11-27 08:00:00', '2024-11-27 17:00:00', 'on_time', 'on_time', '2024-12-05 08:36:49', '2024-12-05 08:36:49'),
(61, 3, '2024-11-26 08:00:00', '2024-11-26 17:00:00', 'on_time', 'on_time', '2024-12-05 08:36:49', '2024-12-05 08:36:49'),
(62, 3, '2024-11-25 08:00:00', '2024-11-25 17:00:00', 'on_time', 'on_time', '2024-12-05 08:36:49', '2024-12-05 08:36:49'),
(63, 3, '2024-11-23 08:00:00', '2024-11-23 17:00:00', 'on_time', 'on_time', '2024-12-05 08:36:49', '2024-12-05 08:36:49'),
(64, 3, '2024-11-22 08:00:00', '2024-11-22 17:00:00', 'on_time', 'on_time', '2024-12-05 08:36:49', '2024-12-05 08:36:49'),
(65, 3, '2024-11-21 08:00:00', '2024-11-21 17:00:00', 'on_time', 'on_time', '2024-12-05 08:36:49', '2024-12-05 08:36:49'),
(66, 3, '2024-11-20 08:00:00', '2024-11-20 17:00:00', 'on_time', 'on_time', '2024-12-05 08:36:49', '2024-12-05 08:36:49'),
(67, 3, '2024-11-19 08:00:00', '2024-11-19 17:00:00', 'on_time', 'on_time', '2024-12-05 08:36:49', '2024-12-05 08:36:49'),
(68, 3, '2024-11-18 08:00:00', '2024-11-18 17:00:00', 'on_time', 'on_time', '2024-12-05 08:36:49', '2024-12-05 08:36:49'),
(69, 3, '2024-11-16 08:00:00', '2024-11-16 17:00:00', 'on_time', 'on_time', '2024-12-05 08:36:49', '2024-12-05 08:36:49'),
(70, 3, '2024-11-15 08:00:00', '2024-11-15 17:00:00', 'on_time', 'on_time', '2024-12-05 08:36:49', '2024-12-05 08:36:49'),
(71, 3, '2024-11-14 08:00:00', '2024-11-14 17:00:00', 'on_time', 'on_time', '2024-12-05 08:36:49', '2024-12-05 08:36:49'),
(72, 3, '2024-11-13 08:00:00', '2024-11-13 17:00:00', 'on_time', 'on_time', '2024-12-05 08:36:49', '2024-12-05 08:36:49'),
(73, 3, '2024-11-12 08:00:00', '2024-11-12 17:00:00', 'on_time', 'on_time', '2024-12-05 08:36:49', '2024-12-05 08:36:49'),
(74, 3, '2024-11-11 08:00:00', '2024-11-11 17:00:00', 'on_time', 'on_time', '2024-12-05 08:36:49', '2024-12-05 08:36:49'),
(75, 3, '2024-11-09 08:00:00', '2024-11-09 17:00:00', 'on_time', 'on_time', '2024-12-05 08:36:49', '2024-12-05 08:36:49'),
(76, 3, '2024-11-08 08:00:00', '2024-11-08 17:00:00', 'on_time', 'on_time', '2024-12-05 08:36:49', '2024-12-05 08:36:49'),
(77, 3, '2024-11-07 08:00:00', '2024-11-07 17:00:00', 'on_time', 'on_time', '2024-12-05 08:36:49', '2024-12-05 08:36:49'),
(78, 3, '2024-11-06 08:00:00', '2024-11-06 17:00:00', 'on_time', 'on_time', '2024-12-05 08:36:49', '2024-12-05 08:36:49'),
(79, 4, '2024-12-05 08:00:00', '2024-12-05 17:00:00', 'on_time', 'on_time', '2024-12-05 08:36:49', '2024-12-05 08:36:49'),
(80, 4, '2024-12-04 08:00:00', '2024-12-04 17:00:00', 'on_time', 'on_time', '2024-12-05 08:36:49', '2024-12-05 08:36:49'),
(81, 4, '2024-12-03 08:00:00', '2024-12-03 17:00:00', 'on_time', 'on_time', '2024-12-05 08:36:49', '2024-12-05 08:36:49'),
(82, 4, '2024-12-02 08:00:00', '2024-12-02 17:00:00', 'on_time', 'on_time', '2024-12-05 08:36:49', '2024-12-05 08:36:49'),
(83, 4, '2024-11-30 08:00:00', '2024-11-30 17:00:00', 'on_time', 'on_time', '2024-12-05 08:36:49', '2024-12-05 08:36:49'),
(84, 4, '2024-11-29 08:00:00', '2024-11-29 17:00:00', 'on_time', 'on_time', '2024-12-05 08:36:49', '2024-12-05 08:36:49'),
(85, 4, '2024-11-28 08:00:00', '2024-11-28 17:00:00', 'on_time', 'on_time', '2024-12-05 08:36:49', '2024-12-05 08:36:49'),
(86, 4, '2024-11-27 08:00:00', '2024-11-27 17:00:00', 'on_time', 'on_time', '2024-12-05 08:36:49', '2024-12-05 08:36:49'),
(87, 4, '2024-11-26 08:00:00', '2024-11-26 17:00:00', 'on_time', 'on_time', '2024-12-05 08:36:49', '2024-12-05 08:36:49'),
(88, 4, '2024-11-25 08:00:00', '2024-11-25 17:00:00', 'on_time', 'on_time', '2024-12-05 08:36:49', '2024-12-05 08:36:49'),
(89, 4, '2024-11-23 08:00:00', '2024-11-23 17:00:00', 'on_time', 'on_time', '2024-12-05 08:36:49', '2024-12-05 08:36:49'),
(90, 4, '2024-11-22 08:00:00', '2024-11-22 17:00:00', 'on_time', 'on_time', '2024-12-05 08:36:49', '2024-12-05 08:36:49'),
(91, 4, '2024-11-21 08:00:00', '2024-11-21 17:00:00', 'on_time', 'on_time', '2024-12-05 08:36:49', '2024-12-05 08:36:49'),
(92, 4, '2024-11-20 08:00:00', '2024-11-20 17:00:00', 'on_time', 'on_time', '2024-12-05 08:36:49', '2024-12-05 08:36:49'),
(93, 4, '2024-11-19 08:00:00', '2024-11-19 17:00:00', 'on_time', 'on_time', '2024-12-05 08:36:49', '2024-12-05 08:36:49'),
(94, 4, '2024-11-18 08:00:00', '2024-11-18 17:00:00', 'on_time', 'on_time', '2024-12-05 08:36:49', '2024-12-05 08:36:49'),
(95, 4, '2024-11-16 08:00:00', '2024-11-16 17:00:00', 'on_time', 'on_time', '2024-12-05 08:36:49', '2024-12-05 08:36:49'),
(96, 4, '2024-11-15 08:00:00', '2024-11-15 17:00:00', 'on_time', 'on_time', '2024-12-05 08:36:49', '2024-12-05 08:36:49'),
(97, 4, '2024-11-14 08:00:00', '2024-11-14 17:00:00', 'on_time', 'on_time', '2024-12-05 08:36:49', '2024-12-05 08:36:49'),
(98, 4, '2024-11-13 08:00:00', '2024-11-13 17:00:00', 'on_time', 'on_time', '2024-12-05 08:36:49', '2024-12-05 08:36:49'),
(99, 4, '2024-11-12 08:00:00', '2024-11-12 17:00:00', 'on_time', 'on_time', '2024-12-05 08:36:49', '2024-12-05 08:36:49'),
(100, 4, '2024-11-11 08:00:00', '2024-11-11 17:00:00', 'on_time', 'on_time', '2024-12-05 08:36:49', '2024-12-05 08:36:49'),
(101, 4, '2024-11-09 08:00:00', '2024-11-09 17:00:00', 'on_time', 'on_time', '2024-12-05 08:36:49', '2024-12-05 08:36:49'),
(102, 4, '2024-11-08 08:00:00', '2024-11-08 17:00:00', 'on_time', 'on_time', '2024-12-05 08:36:49', '2024-12-05 08:36:49'),
(103, 4, '2024-11-07 08:00:00', '2024-11-07 17:00:00', 'on_time', 'on_time', '2024-12-05 08:36:49', '2024-12-05 08:36:49'),
(104, 4, '2024-11-06 08:00:00', '2024-11-06 17:00:00', 'on_time', 'on_time', '2024-12-05 08:36:49', '2024-12-05 08:36:49'),
(105, 5, '2024-12-05 08:00:00', '2024-12-05 17:00:00', 'on_time', 'on_time', '2024-12-05 08:36:49', '2024-12-05 08:36:49'),
(106, 5, '2024-12-04 08:00:00', '2024-12-04 17:00:00', 'on_time', 'on_time', '2024-12-05 08:36:49', '2024-12-05 08:36:49'),
(107, 5, '2024-12-03 08:00:00', '2024-12-03 17:00:00', 'on_time', 'on_time', '2024-12-05 08:36:49', '2024-12-05 08:36:49'),
(108, 5, '2024-12-02 08:00:00', '2024-12-02 17:00:00', 'on_time', 'on_time', '2024-12-05 08:36:49', '2024-12-05 08:36:49'),
(109, 5, '2024-11-30 08:00:00', '2024-11-30 17:00:00', 'on_time', 'on_time', '2024-12-05 08:36:49', '2024-12-05 08:36:49'),
(110, 5, '2024-11-29 08:00:00', '2024-11-29 17:00:00', 'on_time', 'on_time', '2024-12-05 08:36:49', '2024-12-05 08:36:49'),
(111, 5, '2024-11-28 08:00:00', '2024-11-28 17:00:00', 'on_time', 'on_time', '2024-12-05 08:36:49', '2024-12-05 08:36:49'),
(112, 5, '2024-11-27 08:00:00', '2024-11-27 17:00:00', 'on_time', 'on_time', '2024-12-05 08:36:49', '2024-12-05 08:36:49'),
(113, 5, '2024-11-26 08:00:00', '2024-11-26 17:00:00', 'on_time', 'on_time', '2024-12-05 08:36:49', '2024-12-05 08:36:49'),
(114, 5, '2024-11-25 08:00:00', '2024-11-25 17:00:00', 'on_time', 'on_time', '2024-12-05 08:36:49', '2024-12-05 08:36:49'),
(115, 5, '2024-11-23 08:00:00', '2024-11-23 17:00:00', 'on_time', 'on_time', '2024-12-05 08:36:49', '2024-12-05 08:36:49'),
(116, 5, '2024-11-22 08:00:00', '2024-11-22 17:00:00', 'on_time', 'on_time', '2024-12-05 08:36:49', '2024-12-05 08:36:49'),
(117, 5, '2024-11-21 08:00:00', '2024-11-21 17:00:00', 'on_time', 'on_time', '2024-12-05 08:36:49', '2024-12-05 08:36:49'),
(118, 5, '2024-11-20 08:00:00', '2024-11-20 17:00:00', 'on_time', 'on_time', '2024-12-05 08:36:49', '2024-12-05 08:36:49'),
(119, 5, '2024-11-19 08:00:00', '2024-11-19 17:00:00', 'on_time', 'on_time', '2024-12-05 08:36:49', '2024-12-05 08:36:49'),
(120, 5, '2024-11-18 08:00:00', '2024-11-18 17:00:00', 'on_time', 'on_time', '2024-12-05 08:36:49', '2024-12-05 08:36:49'),
(121, 5, '2024-11-16 08:00:00', '2024-11-16 17:00:00', 'on_time', 'on_time', '2024-12-05 08:36:49', '2024-12-05 08:36:49'),
(122, 5, '2024-11-15 08:00:00', '2024-11-15 17:00:00', 'on_time', 'on_time', '2024-12-05 08:36:49', '2024-12-05 08:36:49'),
(123, 5, '2024-11-14 08:00:00', '2024-11-14 17:00:00', 'on_time', 'on_time', '2024-12-05 08:36:49', '2024-12-05 08:36:49'),
(124, 5, '2024-11-13 08:00:00', '2024-11-13 17:00:00', 'on_time', 'on_time', '2024-12-05 08:36:49', '2024-12-05 08:36:49'),
(125, 5, '2024-11-12 08:00:00', '2024-11-12 17:00:00', 'on_time', 'on_time', '2024-12-05 08:36:49', '2024-12-05 08:36:49'),
(126, 5, '2024-11-11 08:00:00', '2024-11-11 17:00:00', 'on_time', 'on_time', '2024-12-05 08:36:49', '2024-12-05 08:36:49'),
(127, 5, '2024-11-09 08:00:00', '2024-11-09 17:00:00', 'on_time', 'on_time', '2024-12-05 08:36:49', '2024-12-05 08:36:49'),
(128, 5, '2024-11-08 08:00:00', '2024-11-08 17:00:00', 'on_time', 'on_time', '2024-12-05 08:36:49', '2024-12-05 08:36:49'),
(129, 5, '2024-11-07 08:00:00', '2024-11-07 17:00:00', 'on_time', 'on_time', '2024-12-05 08:36:49', '2024-12-05 08:36:49'),
(130, 5, '2024-11-06 08:00:00', '2024-11-06 17:00:00', 'on_time', 'on_time', '2024-12-05 08:36:49', '2024-12-05 08:36:49'),
(131, 6, '2024-12-05 08:00:00', '2024-12-05 17:00:00', 'on_time', 'on_time', '2024-12-05 08:36:49', '2024-12-05 08:36:49'),
(132, 6, '2024-12-04 08:00:00', '2024-12-04 17:00:00', 'on_time', 'on_time', '2024-12-05 08:36:49', '2024-12-05 08:36:49'),
(133, 6, '2024-12-03 08:00:00', '2024-12-03 17:00:00', 'on_time', 'on_time', '2024-12-05 08:36:49', '2024-12-05 08:36:49'),
(134, 6, '2024-12-02 08:00:00', '2024-12-02 17:00:00', 'on_time', 'on_time', '2024-12-05 08:36:49', '2024-12-05 08:36:49'),
(135, 6, '2024-11-30 08:00:00', '2024-11-30 17:00:00', 'on_time', 'on_time', '2024-12-05 08:36:49', '2024-12-05 08:36:49'),
(136, 6, '2024-11-29 08:00:00', '2024-11-29 17:00:00', 'on_time', 'on_time', '2024-12-05 08:36:49', '2024-12-05 08:36:49'),
(137, 6, '2024-11-28 08:00:00', '2024-11-28 17:00:00', 'on_time', 'on_time', '2024-12-05 08:36:49', '2024-12-05 08:36:49'),
(138, 6, '2024-11-27 08:00:00', '2024-11-27 17:00:00', 'on_time', 'on_time', '2024-12-05 08:36:49', '2024-12-05 08:36:49'),
(139, 6, '2024-11-26 08:00:00', '2024-11-26 17:00:00', 'on_time', 'on_time', '2024-12-05 08:36:49', '2024-12-05 08:36:49'),
(140, 6, '2024-11-25 08:00:00', '2024-11-25 17:00:00', 'on_time', 'on_time', '2024-12-05 08:36:49', '2024-12-05 08:36:49'),
(141, 6, '2024-11-23 08:00:00', '2024-11-23 17:00:00', 'on_time', 'on_time', '2024-12-05 08:36:49', '2024-12-05 08:36:49'),
(142, 6, '2024-11-22 08:00:00', '2024-11-22 17:00:00', 'on_time', 'on_time', '2024-12-05 08:36:49', '2024-12-05 08:36:49'),
(143, 6, '2024-11-21 08:00:00', '2024-11-21 17:00:00', 'on_time', 'on_time', '2024-12-05 08:36:49', '2024-12-05 08:36:49'),
(144, 6, '2024-11-20 08:00:00', '2024-11-20 17:00:00', 'on_time', 'on_time', '2024-12-05 08:36:49', '2024-12-05 08:36:49'),
(145, 6, '2024-11-19 08:00:00', '2024-11-19 17:00:00', 'on_time', 'on_time', '2024-12-05 08:36:49', '2024-12-05 08:36:49'),
(146, 6, '2024-11-18 08:00:00', '2024-11-18 17:00:00', 'on_time', 'on_time', '2024-12-05 08:36:49', '2024-12-05 08:36:49'),
(147, 6, '2024-11-16 08:00:00', '2024-11-16 17:00:00', 'on_time', 'on_time', '2024-12-05 08:36:49', '2024-12-05 08:36:49'),
(148, 6, '2024-11-15 08:00:00', '2024-11-15 17:00:00', 'on_time', 'on_time', '2024-12-05 08:36:49', '2024-12-05 08:36:49'),
(149, 6, '2024-11-14 08:00:00', '2024-11-14 17:00:00', 'on_time', 'on_time', '2024-12-05 08:36:49', '2024-12-05 08:36:49'),
(150, 6, '2024-11-13 08:00:00', '2024-11-13 17:00:00', 'on_time', 'on_time', '2024-12-05 08:36:49', '2024-12-05 08:36:49'),
(151, 6, '2024-11-12 08:00:00', '2024-11-12 17:00:00', 'on_time', 'on_time', '2024-12-05 08:36:49', '2024-12-05 08:36:49'),
(152, 6, '2024-11-11 08:00:00', '2024-11-11 17:00:00', 'on_time', 'on_time', '2024-12-05 08:36:49', '2024-12-05 08:36:49'),
(153, 6, '2024-11-09 08:00:00', '2024-11-09 17:00:00', 'on_time', 'on_time', '2024-12-05 08:36:49', '2024-12-05 08:36:49'),
(154, 6, '2024-11-08 08:00:00', '2024-11-08 17:00:00', 'on_time', 'on_time', '2024-12-05 08:36:49', '2024-12-05 08:36:49'),
(155, 6, '2024-11-07 08:00:00', '2024-11-07 17:00:00', 'on_time', 'on_time', '2024-12-05 08:36:49', '2024-12-05 08:36:49'),
(156, 6, '2024-11-06 08:00:00', '2024-11-06 17:00:00', 'on_time', 'on_time', '2024-12-05 08:36:49', '2024-12-05 08:36:49'),
(157, 7, '2024-12-05 08:00:00', '2024-12-05 17:00:00', 'on_time', 'on_time', '2024-12-05 08:36:49', '2024-12-05 08:36:49'),
(158, 7, '2024-12-04 08:00:00', '2024-12-04 17:00:00', 'on_time', 'on_time', '2024-12-05 08:36:49', '2024-12-05 08:36:49'),
(159, 7, '2024-12-03 08:00:00', '2024-12-03 17:00:00', 'on_time', 'on_time', '2024-12-05 08:36:49', '2024-12-05 08:36:49'),
(160, 7, '2024-12-02 08:00:00', '2024-12-02 17:00:00', 'on_time', 'on_time', '2024-12-05 08:36:49', '2024-12-05 08:36:49'),
(161, 7, '2024-11-30 08:00:00', '2024-11-30 17:00:00', 'on_time', 'on_time', '2024-12-05 08:36:49', '2024-12-05 08:36:49'),
(162, 7, '2024-11-29 08:00:00', '2024-11-29 17:00:00', 'on_time', 'on_time', '2024-12-05 08:36:49', '2024-12-05 08:36:49'),
(163, 7, '2024-11-28 08:00:00', '2024-11-28 17:00:00', 'on_time', 'on_time', '2024-12-05 08:36:49', '2024-12-05 08:36:49'),
(164, 7, '2024-11-27 08:00:00', '2024-11-27 17:00:00', 'on_time', 'on_time', '2024-12-05 08:36:49', '2024-12-05 08:36:49'),
(165, 7, '2024-11-26 08:00:00', '2024-11-26 17:00:00', 'on_time', 'on_time', '2024-12-05 08:36:49', '2024-12-05 08:36:49'),
(166, 7, '2024-11-25 08:00:00', '2024-11-25 17:00:00', 'on_time', 'on_time', '2024-12-05 08:36:49', '2024-12-05 08:36:49'),
(167, 7, '2024-11-23 08:00:00', '2024-11-23 17:00:00', 'on_time', 'on_time', '2024-12-05 08:36:49', '2024-12-05 08:36:49'),
(168, 7, '2024-11-22 08:00:00', '2024-11-22 17:00:00', 'on_time', 'on_time', '2024-12-05 08:36:49', '2024-12-05 08:36:49'),
(169, 7, '2024-11-21 08:00:00', '2024-11-21 17:00:00', 'on_time', 'on_time', '2024-12-05 08:36:49', '2024-12-05 08:36:49'),
(170, 7, '2024-11-20 08:00:00', '2024-11-20 17:00:00', 'on_time', 'on_time', '2024-12-05 08:36:49', '2024-12-05 08:36:49'),
(171, 7, '2024-11-19 08:00:00', '2024-11-19 17:00:00', 'on_time', 'on_time', '2024-12-05 08:36:49', '2024-12-05 08:36:49'),
(172, 7, '2024-11-18 08:00:00', '2024-11-18 17:00:00', 'on_time', 'on_time', '2024-12-05 08:36:49', '2024-12-05 08:36:49'),
(173, 7, '2024-11-16 08:00:00', '2024-11-16 17:00:00', 'on_time', 'on_time', '2024-12-05 08:36:49', '2024-12-05 08:36:49'),
(174, 7, '2024-11-15 08:00:00', '2024-11-15 17:00:00', 'on_time', 'on_time', '2024-12-05 08:36:49', '2024-12-05 08:36:49'),
(175, 7, '2024-11-14 08:00:00', '2024-11-14 17:00:00', 'on_time', 'on_time', '2024-12-05 08:36:49', '2024-12-05 08:36:49'),
(176, 7, '2024-11-13 08:00:00', '2024-11-13 17:00:00', 'on_time', 'on_time', '2024-12-05 08:36:49', '2024-12-05 08:36:49'),
(177, 7, '2024-11-12 08:00:00', '2024-11-12 17:00:00', 'on_time', 'on_time', '2024-12-05 08:36:49', '2024-12-05 08:36:49'),
(178, 7, '2024-11-11 08:00:00', '2024-11-11 17:00:00', 'on_time', 'on_time', '2024-12-05 08:36:49', '2024-12-05 08:36:49'),
(179, 7, '2024-11-09 08:00:00', '2024-11-09 17:00:00', 'on_time', 'on_time', '2024-12-05 08:36:49', '2024-12-05 08:36:49'),
(180, 7, '2024-11-08 08:00:00', '2024-11-08 17:00:00', 'on_time', 'on_time', '2024-12-05 08:36:49', '2024-12-05 08:36:49'),
(181, 7, '2024-11-07 08:00:00', '2024-11-07 17:00:00', 'on_time', 'on_time', '2024-12-05 08:36:49', '2024-12-05 08:36:49'),
(182, 7, '2024-11-06 08:00:00', '2024-11-06 17:00:00', 'on_time', 'on_time', '2024-12-05 08:36:49', '2024-12-05 08:36:49'),
(183, 8, '2024-12-05 08:00:00', '2024-12-05 17:00:00', 'on_time', 'on_time', '2024-12-05 08:36:49', '2024-12-05 08:36:49'),
(184, 8, '2024-12-04 08:00:00', '2024-12-04 17:00:00', 'on_time', 'on_time', '2024-12-05 08:36:49', '2024-12-05 08:36:49'),
(185, 8, '2024-12-03 08:00:00', '2024-12-03 17:00:00', 'on_time', 'on_time', '2024-12-05 08:36:49', '2024-12-05 08:36:49'),
(186, 8, '2024-12-02 08:00:00', '2024-12-02 17:00:00', 'on_time', 'on_time', '2024-12-05 08:36:49', '2024-12-05 08:36:49'),
(187, 8, '2024-11-30 08:00:00', '2024-11-30 17:00:00', 'on_time', 'on_time', '2024-12-05 08:36:49', '2024-12-05 08:36:49'),
(188, 8, '2024-11-29 08:00:00', '2024-11-29 17:00:00', 'on_time', 'on_time', '2024-12-05 08:36:49', '2024-12-05 08:36:49'),
(189, 8, '2024-11-28 08:00:00', '2024-11-28 17:00:00', 'on_time', 'on_time', '2024-12-05 08:36:49', '2024-12-05 08:36:49'),
(190, 8, '2024-11-27 08:00:00', '2024-11-27 17:00:00', 'on_time', 'on_time', '2024-12-05 08:36:49', '2024-12-05 08:36:49'),
(191, 8, '2024-11-26 08:00:00', '2024-11-26 17:00:00', 'on_time', 'on_time', '2024-12-05 08:36:49', '2024-12-05 08:36:49'),
(192, 8, '2024-11-25 08:00:00', '2024-11-25 17:00:00', 'on_time', 'on_time', '2024-12-05 08:36:49', '2024-12-05 08:36:49'),
(193, 8, '2024-11-23 08:00:00', '2024-11-23 17:00:00', 'on_time', 'on_time', '2024-12-05 08:36:49', '2024-12-05 08:36:49'),
(194, 8, '2024-11-22 08:00:00', '2024-11-22 17:00:00', 'on_time', 'on_time', '2024-12-05 08:36:49', '2024-12-05 08:36:49'),
(195, 8, '2024-11-21 08:00:00', '2024-11-21 17:00:00', 'on_time', 'on_time', '2024-12-05 08:36:49', '2024-12-05 08:36:49'),
(196, 8, '2024-11-20 08:00:00', '2024-11-20 17:00:00', 'on_time', 'on_time', '2024-12-05 08:36:49', '2024-12-05 08:36:49'),
(197, 8, '2024-11-19 08:00:00', '2024-11-19 17:00:00', 'on_time', 'on_time', '2024-12-05 08:36:49', '2024-12-05 08:36:49'),
(198, 8, '2024-11-18 08:00:00', '2024-11-18 17:00:00', 'on_time', 'on_time', '2024-12-05 08:36:49', '2024-12-05 08:36:49'),
(199, 8, '2024-11-16 08:00:00', '2024-11-16 17:00:00', 'on_time', 'on_time', '2024-12-05 08:36:49', '2024-12-05 08:36:49'),
(200, 8, '2024-11-15 08:00:00', '2024-11-15 17:00:00', 'on_time', 'on_time', '2024-12-05 08:36:49', '2024-12-05 08:36:49'),
(201, 8, '2024-11-14 08:00:00', '2024-11-14 17:00:00', 'on_time', 'on_time', '2024-12-05 08:36:49', '2024-12-05 08:36:49'),
(202, 8, '2024-11-13 08:00:00', '2024-11-13 17:00:00', 'on_time', 'on_time', '2024-12-05 08:36:49', '2024-12-05 08:36:49'),
(203, 8, '2024-11-12 08:00:00', '2024-11-12 17:00:00', 'on_time', 'on_time', '2024-12-05 08:36:49', '2024-12-05 08:36:49'),
(204, 8, '2024-11-11 08:00:00', '2024-11-11 17:00:00', 'on_time', 'on_time', '2024-12-05 08:36:49', '2024-12-05 08:36:49'),
(205, 8, '2024-11-09 08:00:00', '2024-11-09 17:00:00', 'on_time', 'on_time', '2024-12-05 08:36:49', '2024-12-05 08:36:49'),
(206, 8, '2024-11-08 08:00:00', '2024-11-08 17:00:00', 'on_time', 'on_time', '2024-12-05 08:36:49', '2024-12-05 08:36:49'),
(207, 8, '2024-11-07 08:00:00', '2024-11-07 17:00:00', 'on_time', 'on_time', '2024-12-05 08:36:49', '2024-12-05 08:36:49'),
(208, 8, '2024-11-06 08:00:00', '2024-11-06 17:00:00', 'on_time', 'on_time', '2024-12-05 08:36:49', '2024-12-05 08:36:49'),
(209, 9, '2024-12-05 08:00:00', '2024-12-05 17:00:00', 'on_time', 'on_time', '2024-12-05 08:36:49', '2024-12-05 08:36:49'),
(210, 9, '2024-12-04 08:00:00', '2024-12-04 17:00:00', 'on_time', 'on_time', '2024-12-05 08:36:49', '2024-12-05 08:36:49'),
(211, 9, '2024-12-03 08:00:00', '2024-12-03 17:00:00', 'on_time', 'on_time', '2024-12-05 08:36:49', '2024-12-05 08:36:49'),
(212, 9, '2024-12-02 08:00:00', '2024-12-02 17:00:00', 'on_time', 'on_time', '2024-12-05 08:36:49', '2024-12-05 08:36:49'),
(213, 9, '2024-11-30 08:00:00', '2024-11-30 17:00:00', 'on_time', 'on_time', '2024-12-05 08:36:49', '2024-12-05 08:36:49'),
(214, 9, '2024-11-29 08:00:00', '2024-11-29 17:00:00', 'on_time', 'on_time', '2024-12-05 08:36:49', '2024-12-05 08:36:49'),
(215, 9, '2024-11-28 08:00:00', '2024-11-28 17:00:00', 'on_time', 'on_time', '2024-12-05 08:36:49', '2024-12-05 08:36:49'),
(216, 9, '2024-11-27 08:00:00', '2024-11-27 17:00:00', 'on_time', 'on_time', '2024-12-05 08:36:49', '2024-12-05 08:36:49'),
(217, 9, '2024-11-26 08:00:00', '2024-11-26 17:00:00', 'on_time', 'on_time', '2024-12-05 08:36:49', '2024-12-05 08:36:49'),
(218, 9, '2024-11-25 08:00:00', '2024-11-25 17:00:00', 'on_time', 'on_time', '2024-12-05 08:36:49', '2024-12-05 08:36:49'),
(219, 9, '2024-11-23 08:00:00', '2024-11-23 17:00:00', 'on_time', 'on_time', '2024-12-05 08:36:49', '2024-12-05 08:36:49'),
(220, 9, '2024-11-22 08:00:00', '2024-11-22 17:00:00', 'on_time', 'on_time', '2024-12-05 08:36:49', '2024-12-05 08:36:49'),
(221, 9, '2024-11-21 08:00:00', '2024-11-21 17:00:00', 'on_time', 'on_time', '2024-12-05 08:36:49', '2024-12-05 08:36:49'),
(222, 9, '2024-11-20 08:00:00', '2024-11-20 17:00:00', 'on_time', 'on_time', '2024-12-05 08:36:49', '2024-12-05 08:36:49'),
(223, 9, '2024-11-19 08:00:00', '2024-11-19 17:00:00', 'on_time', 'on_time', '2024-12-05 08:36:49', '2024-12-05 08:36:49'),
(224, 9, '2024-11-18 08:00:00', '2024-11-18 17:00:00', 'on_time', 'on_time', '2024-12-05 08:36:49', '2024-12-05 08:36:49'),
(225, 9, '2024-11-16 08:00:00', '2024-11-16 17:00:00', 'on_time', 'on_time', '2024-12-05 08:36:49', '2024-12-05 08:36:49'),
(226, 9, '2024-11-15 08:00:00', '2024-11-15 17:00:00', 'on_time', 'on_time', '2024-12-05 08:36:49', '2024-12-05 08:36:49'),
(227, 9, '2024-11-14 08:00:00', '2024-11-14 17:00:00', 'on_time', 'on_time', '2024-12-05 08:36:49', '2024-12-05 08:36:49'),
(228, 9, '2024-11-13 08:00:00', '2024-11-13 17:00:00', 'on_time', 'on_time', '2024-12-05 08:36:49', '2024-12-05 08:36:49'),
(229, 9, '2024-11-12 08:00:00', '2024-11-12 17:00:00', 'on_time', 'on_time', '2024-12-05 08:36:49', '2024-12-05 08:36:49'),
(230, 9, '2024-11-11 08:00:00', '2024-11-11 17:00:00', 'on_time', 'on_time', '2024-12-05 08:36:49', '2024-12-05 08:36:49'),
(231, 9, '2024-11-09 08:00:00', '2024-11-09 17:00:00', 'on_time', 'on_time', '2024-12-05 08:36:49', '2024-12-05 08:36:49'),
(232, 9, '2024-11-08 08:00:00', '2024-11-08 17:00:00', 'on_time', 'on_time', '2024-12-05 08:36:49', '2024-12-05 08:36:49'),
(233, 9, '2024-11-07 08:00:00', '2024-11-07 17:00:00', 'on_time', 'on_time', '2024-12-05 08:36:49', '2024-12-05 08:36:49'),
(234, 9, '2024-11-06 08:00:00', '2024-11-06 17:00:00', 'on_time', 'on_time', '2024-12-05 08:36:49', '2024-12-05 08:36:49'),
(235, 10, '2024-12-05 08:00:00', '2024-12-05 17:00:00', 'on_time', 'on_time', '2024-12-05 08:36:49', '2024-12-05 08:36:49'),
(236, 10, '2024-12-04 08:00:00', '2024-12-04 17:00:00', 'on_time', 'on_time', '2024-12-05 08:36:49', '2024-12-05 08:36:49'),
(237, 10, '2024-12-03 08:00:00', '2024-12-03 17:00:00', 'on_time', 'on_time', '2024-12-05 08:36:49', '2024-12-05 08:36:49'),
(238, 10, '2024-12-02 08:00:00', '2024-12-02 17:00:00', 'on_time', 'on_time', '2024-12-05 08:36:49', '2024-12-05 08:36:49'),
(239, 10, '2024-11-30 08:00:00', '2024-11-30 17:00:00', 'on_time', 'on_time', '2024-12-05 08:36:49', '2024-12-05 08:36:49'),
(240, 10, '2024-11-29 08:00:00', '2024-11-29 17:00:00', 'on_time', 'on_time', '2024-12-05 08:36:49', '2024-12-05 08:36:49'),
(241, 10, '2024-11-28 08:00:00', '2024-11-28 17:00:00', 'on_time', 'on_time', '2024-12-05 08:36:49', '2024-12-05 08:36:49'),
(242, 10, '2024-11-27 08:00:00', '2024-11-27 17:00:00', 'on_time', 'on_time', '2024-12-05 08:36:49', '2024-12-05 08:36:49'),
(243, 10, '2024-11-26 08:00:00', '2024-11-26 17:00:00', 'on_time', 'on_time', '2024-12-05 08:36:49', '2024-12-05 08:36:49'),
(244, 10, '2024-11-25 08:00:00', '2024-11-25 17:00:00', 'on_time', 'on_time', '2024-12-05 08:36:49', '2024-12-05 08:36:49'),
(245, 10, '2024-11-23 08:00:00', '2024-11-23 17:00:00', 'on_time', 'on_time', '2024-12-05 08:36:49', '2024-12-05 08:36:49'),
(246, 10, '2024-11-22 08:00:00', '2024-11-22 17:00:00', 'on_time', 'on_time', '2024-12-05 08:36:49', '2024-12-05 08:36:49'),
(247, 10, '2024-11-21 08:00:00', '2024-11-21 17:00:00', 'on_time', 'on_time', '2024-12-05 08:36:49', '2024-12-05 08:36:49'),
(248, 10, '2024-11-20 08:00:00', '2024-11-20 17:00:00', 'on_time', 'on_time', '2024-12-05 08:36:49', '2024-12-05 08:36:49'),
(249, 10, '2024-11-19 08:00:00', '2024-11-19 17:00:00', 'on_time', 'on_time', '2024-12-05 08:36:49', '2024-12-05 08:36:49'),
(250, 10, '2024-11-18 08:00:00', '2024-11-18 17:00:00', 'on_time', 'on_time', '2024-12-05 08:36:49', '2024-12-05 08:36:49'),
(251, 10, '2024-11-16 08:00:00', '2024-11-16 17:00:00', 'on_time', 'on_time', '2024-12-05 08:36:49', '2024-12-05 08:36:49'),
(252, 10, '2024-11-15 08:00:00', '2024-11-15 17:00:00', 'on_time', 'on_time', '2024-12-05 08:36:49', '2024-12-05 08:36:49'),
(253, 10, '2024-11-14 08:00:00', '2024-11-14 17:00:00', 'on_time', 'on_time', '2024-12-05 08:36:49', '2024-12-05 08:36:49'),
(254, 10, '2024-11-13 08:00:00', '2024-11-13 17:00:00', 'on_time', 'on_time', '2024-12-05 08:36:49', '2024-12-05 08:36:49'),
(255, 10, '2024-11-12 08:00:00', '2024-11-12 17:00:00', 'on_time', 'on_time', '2024-12-05 08:36:49', '2024-12-05 08:36:49'),
(256, 10, '2024-11-11 08:00:00', '2024-11-11 17:00:00', 'on_time', 'on_time', '2024-12-05 08:36:49', '2024-12-05 08:36:49'),
(257, 10, '2024-11-09 08:00:00', '2024-11-09 17:00:00', 'on_time', 'on_time', '2024-12-05 08:36:49', '2024-12-05 08:36:49'),
(258, 10, '2024-11-08 08:00:00', '2024-11-08 17:00:00', 'on_time', 'on_time', '2024-12-05 08:36:49', '2024-12-05 08:36:49'),
(259, 10, '2024-11-07 08:00:00', '2024-11-07 17:00:00', 'on_time', 'on_time', '2024-12-05 08:36:49', '2024-12-05 08:36:49'),
(260, 10, '2024-11-06 08:00:00', '2024-11-06 17:00:00', 'on_time', 'on_time', '2024-12-05 08:36:49', '2024-12-05 08:36:49'),
(261, 11, '2024-12-05 08:00:00', '2024-12-05 17:00:00', 'on_time', 'on_time', '2024-12-05 08:36:49', '2024-12-05 08:36:49'),
(262, 11, '2024-12-04 08:00:00', '2024-12-04 17:00:00', 'on_time', 'on_time', '2024-12-05 08:36:49', '2024-12-05 08:36:49'),
(263, 11, '2024-12-03 08:00:00', '2024-12-03 17:00:00', 'on_time', 'on_time', '2024-12-05 08:36:49', '2024-12-05 08:36:49'),
(264, 11, '2024-12-02 08:00:00', '2024-12-02 17:00:00', 'on_time', 'on_time', '2024-12-05 08:36:49', '2024-12-05 08:36:49'),
(265, 11, '2024-11-30 08:00:00', '2024-11-30 17:00:00', 'on_time', 'on_time', '2024-12-05 08:36:49', '2024-12-05 08:36:49'),
(266, 11, '2024-11-29 08:00:00', '2024-11-29 17:00:00', 'on_time', 'on_time', '2024-12-05 08:36:49', '2024-12-05 08:36:49'),
(267, 11, '2024-11-28 08:00:00', '2024-11-28 17:00:00', 'on_time', 'on_time', '2024-12-05 08:36:49', '2024-12-05 08:36:49'),
(268, 11, '2024-11-27 08:00:00', '2024-11-27 17:00:00', 'on_time', 'on_time', '2024-12-05 08:36:49', '2024-12-05 08:36:49'),
(269, 11, '2024-11-26 08:00:00', '2024-11-26 17:00:00', 'on_time', 'on_time', '2024-12-05 08:36:49', '2024-12-05 08:36:49'),
(270, 11, '2024-11-25 08:00:00', '2024-11-25 17:00:00', 'on_time', 'on_time', '2024-12-05 08:36:49', '2024-12-05 08:36:49'),
(271, 11, '2024-11-23 08:00:00', '2024-11-23 17:00:00', 'on_time', 'on_time', '2024-12-05 08:36:49', '2024-12-05 08:36:49'),
(272, 11, '2024-11-22 08:00:00', '2024-11-22 17:00:00', 'on_time', 'on_time', '2024-12-05 08:36:49', '2024-12-05 08:36:49'),
(273, 11, '2024-11-21 08:00:00', '2024-11-21 17:00:00', 'on_time', 'on_time', '2024-12-05 08:36:49', '2024-12-05 08:36:49'),
(274, 11, '2024-11-20 08:00:00', '2024-11-20 17:00:00', 'on_time', 'on_time', '2024-12-05 08:36:49', '2024-12-05 08:36:49'),
(275, 11, '2024-11-19 08:00:00', '2024-11-19 17:00:00', 'on_time', 'on_time', '2024-12-05 08:36:49', '2024-12-05 08:36:49'),
(276, 11, '2024-11-18 08:00:00', '2024-11-18 17:00:00', 'on_time', 'on_time', '2024-12-05 08:36:49', '2024-12-05 08:36:49'),
(277, 11, '2024-11-16 08:00:00', '2024-11-16 17:00:00', 'on_time', 'on_time', '2024-12-05 08:36:49', '2024-12-05 08:36:49'),
(278, 11, '2024-11-15 08:00:00', '2024-11-15 17:00:00', 'on_time', 'on_time', '2024-12-05 08:36:49', '2024-12-05 08:36:49'),
(279, 11, '2024-11-14 08:00:00', '2024-11-14 17:00:00', 'on_time', 'on_time', '2024-12-05 08:36:49', '2024-12-05 08:36:49'),
(280, 11, '2024-11-13 08:00:00', '2024-11-13 17:00:00', 'on_time', 'on_time', '2024-12-05 08:36:49', '2024-12-05 08:36:49'),
(281, 11, '2024-11-12 08:00:00', '2024-11-12 17:00:00', 'on_time', 'on_time', '2024-12-05 08:36:49', '2024-12-05 08:36:49'),
(282, 11, '2024-11-11 08:00:00', '2024-11-11 17:00:00', 'on_time', 'on_time', '2024-12-05 08:36:49', '2024-12-05 08:36:49'),
(283, 11, '2024-11-09 08:00:00', '2024-11-09 17:00:00', 'on_time', 'on_time', '2024-12-05 08:36:49', '2024-12-05 08:36:49'),
(284, 11, '2024-11-08 08:00:00', '2024-11-08 17:00:00', 'on_time', 'on_time', '2024-12-05 08:36:49', '2024-12-05 08:36:49'),
(285, 11, '2024-11-07 08:00:00', '2024-11-07 17:00:00', 'on_time', 'on_time', '2024-12-05 08:36:49', '2024-12-05 08:36:49'),
(286, 11, '2024-11-06 08:00:00', '2024-11-06 17:00:00', 'on_time', 'on_time', '2024-12-05 08:36:49', '2024-12-05 08:36:49'),
(287, 12, '2024-12-05 08:00:00', '2024-12-05 17:00:00', 'on_time', 'on_time', '2024-12-05 08:36:49', '2024-12-05 08:36:49'),
(288, 12, '2024-12-04 08:00:00', '2024-12-04 17:00:00', 'on_time', 'on_time', '2024-12-05 08:36:49', '2024-12-05 08:36:49'),
(289, 12, '2024-12-03 08:00:00', '2024-12-03 17:00:00', 'on_time', 'on_time', '2024-12-05 08:36:49', '2024-12-05 08:36:49'),
(290, 12, '2024-12-02 08:00:00', '2024-12-02 17:00:00', 'on_time', 'on_time', '2024-12-05 08:36:49', '2024-12-05 08:36:49'),
(291, 12, '2024-11-30 08:00:00', '2024-11-30 17:00:00', 'on_time', 'on_time', '2024-12-05 08:36:49', '2024-12-05 08:36:49'),
(292, 12, '2024-11-29 08:00:00', '2024-11-29 17:00:00', 'on_time', 'on_time', '2024-12-05 08:36:49', '2024-12-05 08:36:49'),
(293, 12, '2024-11-28 08:00:00', '2024-11-28 17:00:00', 'on_time', 'on_time', '2024-12-05 08:36:49', '2024-12-05 08:36:49'),
(294, 12, '2024-11-27 08:00:00', '2024-11-27 17:00:00', 'on_time', 'on_time', '2024-12-05 08:36:49', '2024-12-05 08:36:49'),
(295, 12, '2024-11-26 08:00:00', '2024-11-26 17:00:00', 'on_time', 'on_time', '2024-12-05 08:36:49', '2024-12-05 08:36:49'),
(296, 12, '2024-11-25 08:00:00', '2024-11-25 17:00:00', 'on_time', 'on_time', '2024-12-05 08:36:49', '2024-12-05 08:36:49'),
(297, 12, '2024-11-23 08:00:00', '2024-11-23 17:00:00', 'on_time', 'on_time', '2024-12-05 08:36:49', '2024-12-05 08:36:49'),
(298, 12, '2024-11-22 08:00:00', '2024-11-22 17:00:00', 'on_time', 'on_time', '2024-12-05 08:36:49', '2024-12-05 08:36:49'),
(299, 12, '2024-11-21 08:00:00', '2024-11-21 17:00:00', 'on_time', 'on_time', '2024-12-05 08:36:49', '2024-12-05 08:36:49'),
(300, 12, '2024-11-20 08:00:00', '2024-11-20 17:00:00', 'on_time', 'on_time', '2024-12-05 08:36:49', '2024-12-05 08:36:49'),
(301, 12, '2024-11-19 08:00:00', '2024-11-19 17:00:00', 'on_time', 'on_time', '2024-12-05 08:36:49', '2024-12-05 08:36:49'),
(302, 12, '2024-11-18 08:00:00', '2024-11-18 17:00:00', 'on_time', 'on_time', '2024-12-05 08:36:49', '2024-12-05 08:36:49'),
(303, 12, '2024-11-16 08:00:00', '2024-11-16 17:00:00', 'on_time', 'on_time', '2024-12-05 08:36:49', '2024-12-05 08:36:49'),
(304, 12, '2024-11-15 08:00:00', '2024-11-15 17:00:00', 'on_time', 'on_time', '2024-12-05 08:36:49', '2024-12-05 08:36:49'),
(305, 12, '2024-11-14 08:00:00', '2024-11-14 17:00:00', 'on_time', 'on_time', '2024-12-05 08:36:49', '2024-12-05 08:36:49'),
(306, 12, '2024-11-13 08:00:00', '2024-11-13 17:00:00', 'on_time', 'on_time', '2024-12-05 08:36:49', '2024-12-05 08:36:49'),
(307, 12, '2024-11-12 08:00:00', '2024-11-12 17:00:00', 'on_time', 'on_time', '2024-12-05 08:36:49', '2024-12-05 08:36:49'),
(308, 12, '2024-11-11 08:00:00', '2024-11-11 17:00:00', 'on_time', 'on_time', '2024-12-05 08:36:49', '2024-12-05 08:36:49'),
(309, 12, '2024-11-09 08:00:00', '2024-11-09 17:00:00', 'on_time', 'on_time', '2024-12-05 08:36:49', '2024-12-05 08:36:49'),
(310, 12, '2024-11-08 08:00:00', '2024-11-08 17:00:00', 'on_time', 'on_time', '2024-12-05 08:36:49', '2024-12-05 08:36:49'),
(311, 12, '2024-11-07 08:00:00', '2024-11-07 17:00:00', 'on_time', 'on_time', '2024-12-05 08:36:49', '2024-12-05 08:36:49'),
(312, 12, '2024-11-06 08:00:00', '2024-11-06 17:00:00', 'on_time', 'on_time', '2024-12-05 08:36:49', '2024-12-05 08:36:49'),
(313, 13, '2024-12-05 08:00:00', '2024-12-05 17:00:00', 'on_time', 'on_time', '2024-12-05 08:36:49', '2024-12-05 08:36:49'),
(314, 13, '2024-12-04 08:00:00', '2024-12-04 17:00:00', 'on_time', 'on_time', '2024-12-05 08:36:49', '2024-12-05 08:36:49'),
(315, 13, '2024-12-03 08:00:00', '2024-12-03 17:00:00', 'on_time', 'on_time', '2024-12-05 08:36:49', '2024-12-05 08:36:49'),
(316, 13, '2024-12-02 08:00:00', '2024-12-02 17:00:00', 'on_time', 'on_time', '2024-12-05 08:36:49', '2024-12-05 08:36:49'),
(317, 13, '2024-11-30 08:00:00', '2024-11-30 17:00:00', 'on_time', 'on_time', '2024-12-05 08:36:49', '2024-12-05 08:36:49'),
(318, 13, '2024-11-29 08:00:00', '2024-11-29 17:00:00', 'on_time', 'on_time', '2024-12-05 08:36:49', '2024-12-05 08:36:49'),
(319, 13, '2024-11-28 08:00:00', '2024-11-28 17:00:00', 'on_time', 'on_time', '2024-12-05 08:36:49', '2024-12-05 08:36:49'),
(320, 13, '2024-11-27 08:00:00', '2024-11-27 17:00:00', 'on_time', 'on_time', '2024-12-05 08:36:49', '2024-12-05 08:36:49'),
(321, 13, '2024-11-26 08:00:00', '2024-11-26 17:00:00', 'on_time', 'on_time', '2024-12-05 08:36:49', '2024-12-05 08:36:49'),
(322, 13, '2024-11-25 08:00:00', '2024-11-25 17:00:00', 'on_time', 'on_time', '2024-12-05 08:36:49', '2024-12-05 08:36:49'),
(323, 13, '2024-11-23 08:00:00', '2024-11-23 17:00:00', 'on_time', 'on_time', '2024-12-05 08:36:49', '2024-12-05 08:36:49'),
(324, 13, '2024-11-22 08:00:00', '2024-11-22 17:00:00', 'on_time', 'on_time', '2024-12-05 08:36:49', '2024-12-05 08:36:49'),
(325, 13, '2024-11-21 08:00:00', '2024-11-21 17:00:00', 'on_time', 'on_time', '2024-12-05 08:36:49', '2024-12-05 08:36:49'),
(326, 13, '2024-11-20 08:00:00', '2024-11-20 17:00:00', 'on_time', 'on_time', '2024-12-05 08:36:49', '2024-12-05 08:36:49'),
(327, 13, '2024-11-19 08:00:00', '2024-11-19 17:00:00', 'on_time', 'on_time', '2024-12-05 08:36:49', '2024-12-05 08:36:49'),
(328, 13, '2024-11-18 08:00:00', '2024-11-18 17:00:00', 'on_time', 'on_time', '2024-12-05 08:36:49', '2024-12-05 08:36:49'),
(329, 13, '2024-11-16 08:00:00', '2024-11-16 17:00:00', 'on_time', 'on_time', '2024-12-05 08:36:49', '2024-12-05 08:36:49'),
(330, 13, '2024-11-15 08:00:00', '2024-11-15 17:00:00', 'on_time', 'on_time', '2024-12-05 08:36:49', '2024-12-05 08:36:49'),
(331, 13, '2024-11-14 08:00:00', '2024-11-14 17:00:00', 'on_time', 'on_time', '2024-12-05 08:36:49', '2024-12-05 08:36:49'),
(332, 13, '2024-11-13 08:00:00', '2024-11-13 17:00:00', 'on_time', 'on_time', '2024-12-05 08:36:49', '2024-12-05 08:36:49'),
(333, 13, '2024-11-12 08:00:00', '2024-11-12 17:00:00', 'on_time', 'on_time', '2024-12-05 08:36:49', '2024-12-05 08:36:49'),
(334, 13, '2024-11-11 08:00:00', '2024-11-11 17:00:00', 'on_time', 'on_time', '2024-12-05 08:36:49', '2024-12-05 08:36:49'),
(335, 13, '2024-11-09 08:00:00', '2024-11-09 17:00:00', 'on_time', 'on_time', '2024-12-05 08:36:49', '2024-12-05 08:36:49'),
(336, 13, '2024-11-08 08:00:00', '2024-11-08 17:00:00', 'on_time', 'on_time', '2024-12-05 08:36:49', '2024-12-05 08:36:49'),
(337, 13, '2024-11-07 08:00:00', '2024-11-07 17:00:00', 'on_time', 'on_time', '2024-12-05 08:36:49', '2024-12-05 08:36:49'),
(338, 13, '2024-11-06 08:00:00', '2024-11-06 17:00:00', 'on_time', 'on_time', '2024-12-05 08:36:49', '2024-12-05 08:36:49'),
(339, 14, '2024-12-05 08:00:00', '2024-12-05 17:00:00', 'on_time', 'on_time', '2024-12-05 08:36:49', '2024-12-05 08:36:49'),
(340, 14, '2024-12-04 08:00:00', '2024-12-04 17:00:00', 'on_time', 'on_time', '2024-12-05 08:36:49', '2024-12-05 08:36:49'),
(341, 14, '2024-12-03 08:00:00', '2024-12-03 17:00:00', 'on_time', 'on_time', '2024-12-05 08:36:49', '2024-12-05 08:36:49'),
(342, 14, '2024-12-02 08:00:00', '2024-12-02 17:00:00', 'on_time', 'on_time', '2024-12-05 08:36:49', '2024-12-05 08:36:49'),
(343, 14, '2024-11-30 08:00:00', '2024-11-30 17:00:00', 'on_time', 'on_time', '2024-12-05 08:36:49', '2024-12-05 08:36:49'),
(344, 14, '2024-11-29 08:00:00', '2024-11-29 17:00:00', 'on_time', 'on_time', '2024-12-05 08:36:49', '2024-12-05 08:36:49'),
(345, 14, '2024-11-28 08:00:00', '2024-11-28 17:00:00', 'on_time', 'on_time', '2024-12-05 08:36:49', '2024-12-05 08:36:49'),
(346, 14, '2024-11-27 08:00:00', '2024-11-27 17:00:00', 'on_time', 'on_time', '2024-12-05 08:36:49', '2024-12-05 08:36:49'),
(347, 14, '2024-11-26 08:00:00', '2024-11-26 17:00:00', 'on_time', 'on_time', '2024-12-05 08:36:49', '2024-12-05 08:36:49'),
(348, 14, '2024-11-25 08:00:00', '2024-11-25 17:00:00', 'on_time', 'on_time', '2024-12-05 08:36:49', '2024-12-05 08:36:49'),
(349, 14, '2024-11-23 08:00:00', '2024-11-23 17:00:00', 'on_time', 'on_time', '2024-12-05 08:36:49', '2024-12-05 08:36:49'),
(350, 14, '2024-11-22 08:00:00', '2024-11-22 17:00:00', 'on_time', 'on_time', '2024-12-05 08:36:49', '2024-12-05 08:36:49'),
(351, 14, '2024-11-21 08:00:00', '2024-11-21 17:00:00', 'on_time', 'on_time', '2024-12-05 08:36:49', '2024-12-05 08:36:49'),
(352, 14, '2024-11-20 08:00:00', '2024-11-20 17:00:00', 'on_time', 'on_time', '2024-12-05 08:36:49', '2024-12-05 08:36:49'),
(353, 14, '2024-11-19 08:00:00', '2024-11-19 17:00:00', 'on_time', 'on_time', '2024-12-05 08:36:49', '2024-12-05 08:36:49'),
(354, 14, '2024-11-18 08:00:00', '2024-11-18 17:00:00', 'on_time', 'on_time', '2024-12-05 08:36:49', '2024-12-05 08:36:49'),
(355, 14, '2024-11-16 08:00:00', '2024-11-16 17:00:00', 'on_time', 'on_time', '2024-12-05 08:36:49', '2024-12-05 08:36:49'),
(356, 14, '2024-11-15 08:00:00', '2024-11-15 17:00:00', 'on_time', 'on_time', '2024-12-05 08:36:49', '2024-12-05 08:36:49'),
(357, 14, '2024-11-14 08:00:00', '2024-11-14 17:00:00', 'on_time', 'on_time', '2024-12-05 08:36:49', '2024-12-05 08:36:49'),
(358, 14, '2024-11-13 08:00:00', '2024-11-13 17:00:00', 'on_time', 'on_time', '2024-12-05 08:36:49', '2024-12-05 08:36:49'),
(359, 14, '2024-11-12 08:00:00', '2024-11-12 17:00:00', 'on_time', 'on_time', '2024-12-05 08:36:49', '2024-12-05 08:36:49'),
(360, 14, '2024-11-11 08:00:00', '2024-11-11 17:00:00', 'on_time', 'on_time', '2024-12-05 08:36:49', '2024-12-05 08:36:49'),
(361, 14, '2024-11-09 08:00:00', '2024-11-09 17:00:00', 'on_time', 'on_time', '2024-12-05 08:36:49', '2024-12-05 08:36:49'),
(362, 14, '2024-11-08 08:00:00', '2024-11-08 17:00:00', 'on_time', 'on_time', '2024-12-05 08:36:49', '2024-12-05 08:36:49'),
(363, 14, '2024-11-07 08:00:00', '2024-11-07 17:00:00', 'on_time', 'on_time', '2024-12-05 08:36:49', '2024-12-05 08:36:49'),
(364, 14, '2024-11-06 08:00:00', '2024-11-06 17:00:00', 'on_time', 'on_time', '2024-12-05 08:36:49', '2024-12-05 08:36:49'),
(365, 15, '2024-12-05 08:00:00', '2024-12-05 17:00:00', 'on_time', 'on_time', '2024-12-05 08:36:49', '2024-12-05 08:36:49'),
(366, 15, '2024-12-04 08:00:00', '2024-12-04 17:00:00', 'on_time', 'on_time', '2024-12-05 08:36:49', '2024-12-05 08:36:49'),
(367, 15, '2024-12-03 08:00:00', '2024-12-03 17:00:00', 'on_time', 'on_time', '2024-12-05 08:36:49', '2024-12-05 08:36:49'),
(368, 15, '2024-12-02 08:00:00', '2024-12-02 17:00:00', 'on_time', 'on_time', '2024-12-05 08:36:49', '2024-12-05 08:36:49'),
(369, 15, '2024-11-30 08:00:00', '2024-11-30 17:00:00', 'on_time', 'on_time', '2024-12-05 08:36:49', '2024-12-05 08:36:49'),
(370, 15, '2024-11-29 08:00:00', '2024-11-29 17:00:00', 'on_time', 'on_time', '2024-12-05 08:36:49', '2024-12-05 08:36:49'),
(371, 15, '2024-11-28 08:00:00', '2024-11-28 17:00:00', 'on_time', 'on_time', '2024-12-05 08:36:49', '2024-12-05 08:36:49'),
(372, 15, '2024-11-27 08:00:00', '2024-11-27 17:00:00', 'on_time', 'on_time', '2024-12-05 08:36:49', '2024-12-05 08:36:49'),
(373, 15, '2024-11-26 08:00:00', '2024-11-26 17:00:00', 'on_time', 'on_time', '2024-12-05 08:36:49', '2024-12-05 08:36:49'),
(374, 15, '2024-11-25 08:00:00', '2024-11-25 17:00:00', 'on_time', 'on_time', '2024-12-05 08:36:49', '2024-12-05 08:36:49'),
(375, 15, '2024-11-23 08:00:00', '2024-11-23 17:00:00', 'on_time', 'on_time', '2024-12-05 08:36:49', '2024-12-05 08:36:49'),
(376, 15, '2024-11-22 08:00:00', '2024-11-22 17:00:00', 'on_time', 'on_time', '2024-12-05 08:36:49', '2024-12-05 08:36:49'),
(377, 15, '2024-11-21 08:00:00', '2024-11-21 17:00:00', 'on_time', 'on_time', '2024-12-05 08:36:49', '2024-12-05 08:36:49'),
(378, 15, '2024-11-20 08:00:00', '2024-11-20 17:00:00', 'on_time', 'on_time', '2024-12-05 08:36:49', '2024-12-05 08:36:49'),
(379, 15, '2024-11-19 08:00:00', '2024-11-19 17:00:00', 'on_time', 'on_time', '2024-12-05 08:36:49', '2024-12-05 08:36:49'),
(380, 15, '2024-11-18 08:00:00', '2024-11-18 17:00:00', 'on_time', 'on_time', '2024-12-05 08:36:49', '2024-12-05 08:36:49'),
(381, 15, '2024-11-16 08:00:00', '2024-11-16 17:00:00', 'on_time', 'on_time', '2024-12-05 08:36:49', '2024-12-05 08:36:49'),
(382, 15, '2024-11-15 08:00:00', '2024-11-15 17:00:00', 'on_time', 'on_time', '2024-12-05 08:36:49', '2024-12-05 08:36:49'),
(383, 15, '2024-11-14 08:00:00', '2024-11-14 17:00:00', 'on_time', 'on_time', '2024-12-05 08:36:49', '2024-12-05 08:36:49'),
(384, 15, '2024-11-13 08:00:00', '2024-11-13 17:00:00', 'on_time', 'on_time', '2024-12-05 08:36:49', '2024-12-05 08:36:49'),
(385, 15, '2024-11-12 08:00:00', '2024-11-12 17:00:00', 'on_time', 'on_time', '2024-12-05 08:36:49', '2024-12-05 08:36:49'),
(386, 15, '2024-11-11 08:00:00', '2024-11-11 17:00:00', 'on_time', 'on_time', '2024-12-05 08:36:49', '2024-12-05 08:36:49'),
(387, 15, '2024-11-09 08:00:00', '2024-11-09 17:00:00', 'on_time', 'on_time', '2024-12-05 08:36:49', '2024-12-05 08:36:49'),
(388, 15, '2024-11-08 08:00:00', '2024-11-08 17:00:00', 'on_time', 'on_time', '2024-12-05 08:36:49', '2024-12-05 08:36:49'),
(389, 15, '2024-11-07 08:00:00', '2024-11-07 17:00:00', 'on_time', 'on_time', '2024-12-05 08:36:49', '2024-12-05 08:36:49'),
(390, 15, '2024-11-06 08:00:00', '2024-11-06 17:00:00', 'on_time', 'on_time', '2024-12-05 08:36:49', '2024-12-05 08:36:49'),
(391, 16, '2024-12-05 08:00:00', '2024-12-05 17:00:00', 'on_time', 'on_time', '2024-12-05 08:36:49', '2024-12-05 08:36:49'),
(392, 16, '2024-12-04 08:00:00', '2024-12-04 17:00:00', 'on_time', 'on_time', '2024-12-05 08:36:49', '2024-12-05 08:36:49'),
(393, 16, '2024-12-03 08:00:00', '2024-12-03 17:00:00', 'on_time', 'on_time', '2024-12-05 08:36:49', '2024-12-05 08:36:49'),
(394, 16, '2024-12-02 08:00:00', '2024-12-02 17:00:00', 'on_time', 'on_time', '2024-12-05 08:36:49', '2024-12-05 08:36:49'),
(395, 16, '2024-11-30 08:00:00', '2024-11-30 17:00:00', 'on_time', 'on_time', '2024-12-05 08:36:49', '2024-12-05 08:36:49'),
(396, 16, '2024-11-29 08:00:00', '2024-11-29 17:00:00', 'on_time', 'on_time', '2024-12-05 08:36:49', '2024-12-05 08:36:49'),
(397, 16, '2024-11-28 08:00:00', '2024-11-28 17:00:00', 'on_time', 'on_time', '2024-12-05 08:36:49', '2024-12-05 08:36:49'),
(398, 16, '2024-11-27 08:00:00', '2024-11-27 17:00:00', 'on_time', 'on_time', '2024-12-05 08:36:49', '2024-12-05 08:36:49'),
(399, 16, '2024-11-26 08:00:00', '2024-11-26 17:00:00', 'on_time', 'on_time', '2024-12-05 08:36:49', '2024-12-05 08:36:49'),
(400, 16, '2024-11-25 08:00:00', '2024-11-25 17:00:00', 'on_time', 'on_time', '2024-12-05 08:36:49', '2024-12-05 08:36:49'),
(401, 16, '2024-11-23 08:00:00', '2024-11-23 17:00:00', 'on_time', 'on_time', '2024-12-05 08:36:49', '2024-12-05 08:36:49'),
(402, 16, '2024-11-22 08:00:00', '2024-11-22 17:00:00', 'on_time', 'on_time', '2024-12-05 08:36:49', '2024-12-05 08:36:49'),
(403, 16, '2024-11-21 08:00:00', '2024-11-21 17:00:00', 'on_time', 'on_time', '2024-12-05 08:36:49', '2024-12-05 08:36:49'),
(404, 16, '2024-11-20 08:00:00', '2024-11-20 17:00:00', 'on_time', 'on_time', '2024-12-05 08:36:49', '2024-12-05 08:36:49'),
(405, 16, '2024-11-19 08:00:00', '2024-11-19 17:00:00', 'on_time', 'on_time', '2024-12-05 08:36:49', '2024-12-05 08:36:49'),
(406, 16, '2024-11-18 08:00:00', '2024-11-18 17:00:00', 'on_time', 'on_time', '2024-12-05 08:36:49', '2024-12-05 08:36:49'),
(407, 16, '2024-11-16 08:00:00', '2024-11-16 17:00:00', 'on_time', 'on_time', '2024-12-05 08:36:49', '2024-12-05 08:36:49'),
(408, 16, '2024-11-15 08:00:00', '2024-11-15 17:00:00', 'on_time', 'on_time', '2024-12-05 08:36:49', '2024-12-05 08:36:49');
INSERT INTO `attendance` (`id`, `user_id`, `check_in`, `check_out`, `check_in_status`, `check_out_status`, `created_at`, `updated_at`) VALUES
(409, 16, '2024-11-14 08:00:00', '2024-11-14 17:00:00', 'on_time', 'on_time', '2024-12-05 08:36:49', '2024-12-05 08:36:49'),
(410, 16, '2024-11-13 08:00:00', '2024-11-13 17:00:00', 'on_time', 'on_time', '2024-12-05 08:36:49', '2024-12-05 08:36:49'),
(411, 16, '2024-11-12 08:00:00', '2024-11-12 17:00:00', 'on_time', 'on_time', '2024-12-05 08:36:49', '2024-12-05 08:36:49'),
(412, 16, '2024-11-11 08:00:00', '2024-11-11 17:00:00', 'on_time', 'on_time', '2024-12-05 08:36:49', '2024-12-05 08:36:49'),
(413, 16, '2024-11-09 08:00:00', '2024-11-09 17:00:00', 'on_time', 'on_time', '2024-12-05 08:36:49', '2024-12-05 08:36:49'),
(414, 16, '2024-11-08 08:00:00', '2024-11-08 17:00:00', 'on_time', 'on_time', '2024-12-05 08:36:49', '2024-12-05 08:36:49'),
(415, 16, '2024-11-07 08:00:00', '2024-11-07 17:00:00', 'on_time', 'on_time', '2024-12-05 08:36:49', '2024-12-05 08:36:49'),
(416, 16, '2024-11-06 08:00:00', '2024-11-06 17:00:00', 'on_time', 'on_time', '2024-12-05 08:36:49', '2024-12-05 08:36:49'),
(417, 17, '2024-12-05 08:00:00', '2024-12-05 17:00:00', 'on_time', 'on_time', '2024-12-05 08:36:49', '2024-12-05 08:36:49'),
(418, 17, '2024-12-04 08:00:00', '2024-12-04 17:00:00', 'on_time', 'on_time', '2024-12-05 08:36:49', '2024-12-05 08:36:49'),
(419, 17, '2024-12-03 08:00:00', '2024-12-03 17:00:00', 'on_time', 'on_time', '2024-12-05 08:36:49', '2024-12-05 08:36:49'),
(420, 17, '2024-12-02 08:00:00', '2024-12-02 17:00:00', 'on_time', 'on_time', '2024-12-05 08:36:49', '2024-12-05 08:36:49'),
(421, 17, '2024-11-30 08:00:00', '2024-11-30 17:00:00', 'on_time', 'on_time', '2024-12-05 08:36:49', '2024-12-05 08:36:49'),
(422, 17, '2024-11-29 08:00:00', '2024-11-29 17:00:00', 'on_time', 'on_time', '2024-12-05 08:36:49', '2024-12-05 08:36:49'),
(423, 17, '2024-11-28 08:00:00', '2024-11-28 17:00:00', 'on_time', 'on_time', '2024-12-05 08:36:49', '2024-12-05 08:36:49'),
(424, 17, '2024-11-27 08:00:00', '2024-11-27 17:00:00', 'on_time', 'on_time', '2024-12-05 08:36:49', '2024-12-05 08:36:49'),
(425, 17, '2024-11-26 08:00:00', '2024-11-26 17:00:00', 'on_time', 'on_time', '2024-12-05 08:36:49', '2024-12-05 08:36:49'),
(426, 17, '2024-11-25 08:00:00', '2024-11-25 17:00:00', 'on_time', 'on_time', '2024-12-05 08:36:49', '2024-12-05 08:36:49'),
(427, 17, '2024-11-23 08:00:00', '2024-11-23 17:00:00', 'on_time', 'on_time', '2024-12-05 08:36:49', '2024-12-05 08:36:49'),
(428, 17, '2024-11-22 08:00:00', '2024-11-22 17:00:00', 'on_time', 'on_time', '2024-12-05 08:36:49', '2024-12-05 08:36:49'),
(429, 17, '2024-11-21 08:00:00', '2024-11-21 17:00:00', 'on_time', 'on_time', '2024-12-05 08:36:49', '2024-12-05 08:36:49'),
(430, 17, '2024-11-20 08:00:00', '2024-11-20 17:00:00', 'on_time', 'on_time', '2024-12-05 08:36:49', '2024-12-05 08:36:49'),
(431, 17, '2024-11-19 08:00:00', '2024-11-19 17:00:00', 'on_time', 'on_time', '2024-12-05 08:36:49', '2024-12-05 08:36:49'),
(432, 17, '2024-11-18 08:00:00', '2024-11-18 17:00:00', 'on_time', 'on_time', '2024-12-05 08:36:49', '2024-12-05 08:36:49'),
(433, 17, '2024-11-16 08:00:00', '2024-11-16 17:00:00', 'on_time', 'on_time', '2024-12-05 08:36:49', '2024-12-05 08:36:49'),
(434, 17, '2024-11-15 08:00:00', '2024-11-15 17:00:00', 'on_time', 'on_time', '2024-12-05 08:36:49', '2024-12-05 08:36:49'),
(435, 17, '2024-11-14 08:00:00', '2024-11-14 17:00:00', 'on_time', 'on_time', '2024-12-05 08:36:49', '2024-12-05 08:36:49'),
(436, 17, '2024-11-13 08:00:00', '2024-11-13 17:00:00', 'on_time', 'on_time', '2024-12-05 08:36:49', '2024-12-05 08:36:49'),
(437, 17, '2024-11-12 08:00:00', '2024-11-12 17:00:00', 'on_time', 'on_time', '2024-12-05 08:36:49', '2024-12-05 08:36:49'),
(438, 17, '2024-11-11 08:00:00', '2024-11-11 17:00:00', 'on_time', 'on_time', '2024-12-05 08:36:49', '2024-12-05 08:36:49'),
(439, 17, '2024-11-09 08:00:00', '2024-11-09 17:00:00', 'on_time', 'on_time', '2024-12-05 08:36:49', '2024-12-05 08:36:49'),
(440, 17, '2024-11-08 08:00:00', '2024-11-08 17:00:00', 'on_time', 'on_time', '2024-12-05 08:36:49', '2024-12-05 08:36:49'),
(441, 17, '2024-11-07 08:00:00', '2024-11-07 17:00:00', 'on_time', 'on_time', '2024-12-05 08:36:49', '2024-12-05 08:36:49'),
(442, 17, '2024-11-06 08:00:00', '2024-11-06 17:00:00', 'on_time', 'on_time', '2024-12-05 08:36:49', '2024-12-05 08:36:49'),
(443, 18, '2024-12-05 08:00:00', '2024-12-05 17:00:00', 'on_time', 'on_time', '2024-12-05 08:36:49', '2024-12-05 08:36:49'),
(444, 18, '2024-12-04 08:00:00', '2024-12-04 17:00:00', 'on_time', 'on_time', '2024-12-05 08:36:49', '2024-12-05 08:36:49'),
(445, 18, '2024-12-03 08:00:00', '2024-12-03 17:00:00', 'on_time', 'on_time', '2024-12-05 08:36:49', '2024-12-05 08:36:49'),
(446, 18, '2024-12-02 08:00:00', '2024-12-02 17:00:00', 'on_time', 'on_time', '2024-12-05 08:36:49', '2024-12-05 08:36:49'),
(447, 18, '2024-11-30 08:00:00', '2024-11-30 17:00:00', 'on_time', 'on_time', '2024-12-05 08:36:49', '2024-12-05 08:36:49'),
(448, 18, '2024-11-29 08:00:00', '2024-11-29 17:00:00', 'on_time', 'on_time', '2024-12-05 08:36:49', '2024-12-05 08:36:49'),
(449, 18, '2024-11-28 08:00:00', '2024-11-28 17:00:00', 'on_time', 'on_time', '2024-12-05 08:36:49', '2024-12-05 08:36:49'),
(450, 18, '2024-11-27 08:00:00', '2024-11-27 17:00:00', 'on_time', 'on_time', '2024-12-05 08:36:49', '2024-12-05 08:36:49'),
(451, 18, '2024-11-26 08:00:00', '2024-11-26 17:00:00', 'on_time', 'on_time', '2024-12-05 08:36:49', '2024-12-05 08:36:49'),
(452, 18, '2024-11-25 08:00:00', '2024-11-25 17:00:00', 'on_time', 'on_time', '2024-12-05 08:36:49', '2024-12-05 08:36:49'),
(453, 18, '2024-11-23 08:00:00', '2024-11-23 17:00:00', 'on_time', 'on_time', '2024-12-05 08:36:49', '2024-12-05 08:36:49'),
(454, 18, '2024-11-22 08:00:00', '2024-11-22 17:00:00', 'on_time', 'on_time', '2024-12-05 08:36:49', '2024-12-05 08:36:49'),
(455, 18, '2024-11-21 08:00:00', '2024-11-21 17:00:00', 'on_time', 'on_time', '2024-12-05 08:36:49', '2024-12-05 08:36:49'),
(456, 18, '2024-11-20 08:00:00', '2024-11-20 17:00:00', 'on_time', 'on_time', '2024-12-05 08:36:49', '2024-12-05 08:36:49'),
(457, 18, '2024-11-19 08:00:00', '2024-11-19 17:00:00', 'on_time', 'on_time', '2024-12-05 08:36:49', '2024-12-05 08:36:49'),
(458, 18, '2024-11-18 08:00:00', '2024-11-18 17:00:00', 'on_time', 'on_time', '2024-12-05 08:36:49', '2024-12-05 08:36:49'),
(459, 18, '2024-11-16 08:00:00', '2024-11-16 17:00:00', 'on_time', 'on_time', '2024-12-05 08:36:49', '2024-12-05 08:36:49'),
(460, 18, '2024-11-15 08:00:00', '2024-11-15 17:00:00', 'on_time', 'on_time', '2024-12-05 08:36:49', '2024-12-05 08:36:49'),
(461, 18, '2024-11-14 08:00:00', '2024-11-14 17:00:00', 'on_time', 'on_time', '2024-12-05 08:36:49', '2024-12-05 08:36:49'),
(462, 18, '2024-11-13 08:00:00', '2024-11-13 17:00:00', 'on_time', 'on_time', '2024-12-05 08:36:49', '2024-12-05 08:36:49'),
(463, 18, '2024-11-12 08:00:00', '2024-11-12 17:00:00', 'on_time', 'on_time', '2024-12-05 08:36:49', '2024-12-05 08:36:49'),
(464, 18, '2024-11-11 08:00:00', '2024-11-11 17:00:00', 'on_time', 'on_time', '2024-12-05 08:36:49', '2024-12-05 08:36:49'),
(465, 18, '2024-11-09 08:00:00', '2024-11-09 17:00:00', 'on_time', 'on_time', '2024-12-05 08:36:49', '2024-12-05 08:36:49'),
(466, 18, '2024-11-08 08:00:00', '2024-11-08 17:00:00', 'on_time', 'on_time', '2024-12-05 08:36:49', '2024-12-05 08:36:49'),
(467, 18, '2024-11-07 08:00:00', '2024-11-07 17:00:00', 'on_time', 'on_time', '2024-12-05 08:36:49', '2024-12-05 08:36:49'),
(468, 18, '2024-11-06 08:00:00', '2024-11-06 17:00:00', 'on_time', 'on_time', '2024-12-05 08:36:49', '2024-12-05 08:36:49'),
(469, 19, '2024-12-05 08:00:00', '2024-12-05 17:00:00', 'on_time', 'on_time', '2024-12-05 08:36:49', '2024-12-05 08:36:49'),
(470, 19, '2024-12-04 08:00:00', '2024-12-04 17:00:00', 'on_time', 'on_time', '2024-12-05 08:36:49', '2024-12-05 08:36:49'),
(471, 19, '2024-12-03 08:00:00', '2024-12-03 17:00:00', 'on_time', 'on_time', '2024-12-05 08:36:49', '2024-12-05 08:36:49'),
(472, 19, '2024-12-02 08:00:00', '2024-12-02 17:00:00', 'on_time', 'on_time', '2024-12-05 08:36:49', '2024-12-05 08:36:49'),
(473, 19, '2024-11-30 08:00:00', '2024-11-30 17:00:00', 'on_time', 'on_time', '2024-12-05 08:36:49', '2024-12-05 08:36:49'),
(474, 19, '2024-11-29 08:00:00', '2024-11-29 17:00:00', 'on_time', 'on_time', '2024-12-05 08:36:49', '2024-12-05 08:36:49'),
(475, 19, '2024-11-28 08:00:00', '2024-11-28 17:00:00', 'on_time', 'on_time', '2024-12-05 08:36:49', '2024-12-05 08:36:49'),
(476, 19, '2024-11-27 08:00:00', '2024-11-27 17:00:00', 'on_time', 'on_time', '2024-12-05 08:36:49', '2024-12-05 08:36:49'),
(477, 19, '2024-11-26 08:00:00', '2024-11-26 17:00:00', 'on_time', 'on_time', '2024-12-05 08:36:49', '2024-12-05 08:36:49'),
(478, 19, '2024-11-25 08:00:00', '2024-11-25 17:00:00', 'on_time', 'on_time', '2024-12-05 08:36:49', '2024-12-05 08:36:49'),
(479, 19, '2024-11-23 08:00:00', '2024-11-23 17:00:00', 'on_time', 'on_time', '2024-12-05 08:36:49', '2024-12-05 08:36:49'),
(480, 19, '2024-11-22 08:00:00', '2024-11-22 17:00:00', 'on_time', 'on_time', '2024-12-05 08:36:49', '2024-12-05 08:36:49'),
(481, 19, '2024-11-21 08:00:00', '2024-11-21 17:00:00', 'on_time', 'on_time', '2024-12-05 08:36:49', '2024-12-05 08:36:49'),
(482, 19, '2024-11-20 08:00:00', '2024-11-20 17:00:00', 'on_time', 'on_time', '2024-12-05 08:36:49', '2024-12-05 08:36:49'),
(483, 19, '2024-11-19 08:00:00', '2024-11-19 17:00:00', 'on_time', 'on_time', '2024-12-05 08:36:49', '2024-12-05 08:36:49'),
(484, 19, '2024-11-18 08:00:00', '2024-11-18 17:00:00', 'on_time', 'on_time', '2024-12-05 08:36:49', '2024-12-05 08:36:49'),
(485, 19, '2024-11-16 08:00:00', '2024-11-16 17:00:00', 'on_time', 'on_time', '2024-12-05 08:36:49', '2024-12-05 08:36:49'),
(486, 19, '2024-11-15 08:00:00', '2024-11-15 17:00:00', 'on_time', 'on_time', '2024-12-05 08:36:49', '2024-12-05 08:36:49'),
(487, 19, '2024-11-14 08:00:00', '2024-11-14 17:00:00', 'on_time', 'on_time', '2024-12-05 08:36:49', '2024-12-05 08:36:49'),
(488, 19, '2024-11-13 08:00:00', '2024-11-13 17:00:00', 'on_time', 'on_time', '2024-12-05 08:36:49', '2024-12-05 08:36:49'),
(489, 19, '2024-11-12 08:00:00', '2024-11-12 17:00:00', 'on_time', 'on_time', '2024-12-05 08:36:49', '2024-12-05 08:36:49'),
(490, 19, '2024-11-11 08:00:00', '2024-11-11 17:00:00', 'on_time', 'on_time', '2024-12-05 08:36:49', '2024-12-05 08:36:49'),
(491, 19, '2024-11-09 08:00:00', '2024-11-09 17:00:00', 'on_time', 'on_time', '2024-12-05 08:36:49', '2024-12-05 08:36:49'),
(492, 19, '2024-11-08 08:00:00', '2024-11-08 17:00:00', 'on_time', 'on_time', '2024-12-05 08:36:49', '2024-12-05 08:36:49'),
(493, 19, '2024-11-07 08:00:00', '2024-11-07 17:00:00', 'on_time', 'on_time', '2024-12-05 08:36:49', '2024-12-05 08:36:49'),
(494, 19, '2024-11-06 08:00:00', '2024-11-06 17:00:00', 'on_time', 'on_time', '2024-12-05 08:36:49', '2024-12-05 08:36:49'),
(495, 20, '2024-12-05 08:00:00', '2024-12-05 17:00:00', 'on_time', 'on_time', '2024-12-05 08:36:49', '2024-12-05 08:36:49'),
(496, 20, '2024-12-04 08:00:00', '2024-12-04 17:00:00', 'on_time', 'on_time', '2024-12-05 08:36:49', '2024-12-05 08:36:49'),
(497, 20, '2024-12-03 08:00:00', '2024-12-03 17:00:00', 'on_time', 'on_time', '2024-12-05 08:36:49', '2024-12-05 08:36:49'),
(498, 20, '2024-12-02 08:00:00', '2024-12-02 17:00:00', 'on_time', 'on_time', '2024-12-05 08:36:49', '2024-12-05 08:36:49'),
(499, 20, '2024-11-30 08:00:00', '2024-11-30 17:00:00', 'on_time', 'on_time', '2024-12-05 08:36:49', '2024-12-05 08:36:49'),
(500, 20, '2024-11-29 08:00:00', '2024-11-29 17:00:00', 'on_time', 'on_time', '2024-12-05 08:36:49', '2024-12-05 08:36:49'),
(501, 20, '2024-11-28 08:00:00', '2024-11-28 17:00:00', 'on_time', 'on_time', '2024-12-05 08:36:49', '2024-12-05 08:36:49'),
(502, 20, '2024-11-27 08:00:00', '2024-11-27 17:00:00', 'on_time', 'on_time', '2024-12-05 08:36:49', '2024-12-05 08:36:49'),
(503, 20, '2024-11-26 08:00:00', '2024-11-26 17:00:00', 'on_time', 'on_time', '2024-12-05 08:36:49', '2024-12-05 08:36:49'),
(504, 20, '2024-11-25 08:00:00', '2024-11-25 17:00:00', 'on_time', 'on_time', '2024-12-05 08:36:49', '2024-12-05 08:36:49'),
(505, 20, '2024-11-23 08:00:00', '2024-11-23 17:00:00', 'on_time', 'on_time', '2024-12-05 08:36:49', '2024-12-05 08:36:49'),
(506, 20, '2024-11-22 08:00:00', '2024-11-22 17:00:00', 'on_time', 'on_time', '2024-12-05 08:36:49', '2024-12-05 08:36:49'),
(507, 20, '2024-11-21 08:00:00', '2024-11-21 17:00:00', 'on_time', 'on_time', '2024-12-05 08:36:49', '2024-12-05 08:36:49'),
(508, 20, '2024-11-20 08:00:00', '2024-11-20 17:00:00', 'on_time', 'on_time', '2024-12-05 08:36:49', '2024-12-05 08:36:49'),
(509, 20, '2024-11-19 08:00:00', '2024-11-19 17:00:00', 'on_time', 'on_time', '2024-12-05 08:36:49', '2024-12-05 08:36:49'),
(510, 20, '2024-11-18 08:00:00', '2024-11-18 17:00:00', 'on_time', 'on_time', '2024-12-05 08:36:49', '2024-12-05 08:36:49'),
(511, 20, '2024-11-16 08:00:00', '2024-11-16 17:00:00', 'on_time', 'on_time', '2024-12-05 08:36:49', '2024-12-05 08:36:49'),
(512, 20, '2024-11-15 08:00:00', '2024-11-15 17:00:00', 'on_time', 'on_time', '2024-12-05 08:36:49', '2024-12-05 08:36:49'),
(513, 20, '2024-11-14 08:00:00', '2024-11-14 17:00:00', 'on_time', 'on_time', '2024-12-05 08:36:49', '2024-12-05 08:36:49'),
(514, 20, '2024-11-13 08:00:00', '2024-11-13 17:00:00', 'on_time', 'on_time', '2024-12-05 08:36:49', '2024-12-05 08:36:49'),
(515, 20, '2024-11-12 08:00:00', '2024-11-12 17:00:00', 'on_time', 'on_time', '2024-12-05 08:36:49', '2024-12-05 08:36:49'),
(516, 20, '2024-11-11 08:00:00', '2024-11-11 17:00:00', 'on_time', 'on_time', '2024-12-05 08:36:49', '2024-12-05 08:36:49'),
(517, 20, '2024-11-09 08:00:00', '2024-11-09 17:00:00', 'on_time', 'on_time', '2024-12-05 08:36:49', '2024-12-05 08:36:49'),
(518, 20, '2024-11-08 08:00:00', '2024-11-08 17:00:00', 'on_time', 'on_time', '2024-12-05 08:36:49', '2024-12-05 08:36:49'),
(519, 20, '2024-11-07 08:00:00', '2024-11-07 17:00:00', 'on_time', 'on_time', '2024-12-05 08:36:49', '2024-12-05 08:36:49'),
(520, 20, '2024-11-06 08:00:00', '2024-11-06 17:00:00', 'on_time', 'on_time', '2024-12-05 08:36:49', '2024-12-05 08:36:49'),
(521, 21, '2024-12-05 08:00:00', '2024-12-05 17:00:00', 'on_time', 'on_time', '2024-12-05 08:36:49', '2024-12-05 08:36:49'),
(522, 21, '2024-12-04 08:00:00', '2024-12-04 17:00:00', 'on_time', 'on_time', '2024-12-05 08:36:49', '2024-12-05 08:36:49'),
(523, 21, '2024-12-03 08:00:00', '2024-12-03 17:00:00', 'on_time', 'on_time', '2024-12-05 08:36:49', '2024-12-05 08:36:49'),
(524, 21, '2024-12-02 08:00:00', '2024-12-02 17:00:00', 'on_time', 'on_time', '2024-12-05 08:36:49', '2024-12-05 08:36:49'),
(525, 21, '2024-11-30 08:00:00', '2024-11-30 17:00:00', 'on_time', 'on_time', '2024-12-05 08:36:49', '2024-12-05 08:36:49'),
(526, 21, '2024-11-29 08:00:00', '2024-11-29 17:00:00', 'on_time', 'on_time', '2024-12-05 08:36:49', '2024-12-05 08:36:49'),
(527, 21, '2024-11-28 08:00:00', '2024-11-28 17:00:00', 'on_time', 'on_time', '2024-12-05 08:36:49', '2024-12-05 08:36:49'),
(528, 21, '2024-11-27 08:00:00', '2024-11-27 17:00:00', 'on_time', 'on_time', '2024-12-05 08:36:49', '2024-12-05 08:36:49'),
(529, 21, '2024-11-26 08:00:00', '2024-11-26 17:00:00', 'on_time', 'on_time', '2024-12-05 08:36:49', '2024-12-05 08:36:49'),
(530, 21, '2024-11-25 08:00:00', '2024-11-25 17:00:00', 'on_time', 'on_time', '2024-12-05 08:36:49', '2024-12-05 08:36:49'),
(531, 21, '2024-11-23 08:00:00', '2024-11-23 17:00:00', 'on_time', 'on_time', '2024-12-05 08:36:49', '2024-12-05 08:36:49'),
(532, 21, '2024-11-22 08:00:00', '2024-11-22 17:00:00', 'on_time', 'on_time', '2024-12-05 08:36:49', '2024-12-05 08:36:49'),
(533, 21, '2024-11-21 08:00:00', '2024-11-21 17:00:00', 'on_time', 'on_time', '2024-12-05 08:36:49', '2024-12-05 08:36:49'),
(534, 21, '2024-11-20 08:00:00', '2024-11-20 17:00:00', 'on_time', 'on_time', '2024-12-05 08:36:49', '2024-12-05 08:36:49'),
(535, 21, '2024-11-19 08:00:00', '2024-11-19 17:00:00', 'on_time', 'on_time', '2024-12-05 08:36:49', '2024-12-05 08:36:49'),
(536, 21, '2024-11-18 08:00:00', '2024-11-18 17:00:00', 'on_time', 'on_time', '2024-12-05 08:36:49', '2024-12-05 08:36:49'),
(537, 21, '2024-11-16 08:00:00', '2024-11-16 17:00:00', 'on_time', 'on_time', '2024-12-05 08:36:49', '2024-12-05 08:36:49'),
(538, 21, '2024-11-15 08:00:00', '2024-11-15 17:00:00', 'on_time', 'on_time', '2024-12-05 08:36:49', '2024-12-05 08:36:49'),
(539, 21, '2024-11-14 08:00:00', '2024-11-14 17:00:00', 'on_time', 'on_time', '2024-12-05 08:36:49', '2024-12-05 08:36:49'),
(540, 21, '2024-11-13 08:00:00', '2024-11-13 17:00:00', 'on_time', 'on_time', '2024-12-05 08:36:49', '2024-12-05 08:36:49'),
(541, 21, '2024-11-12 08:00:00', '2024-11-12 17:00:00', 'on_time', 'on_time', '2024-12-05 08:36:49', '2024-12-05 08:36:49'),
(542, 21, '2024-11-11 08:00:00', '2024-11-11 17:00:00', 'on_time', 'on_time', '2024-12-05 08:36:49', '2024-12-05 08:36:49'),
(543, 21, '2024-11-09 08:00:00', '2024-11-09 17:00:00', 'on_time', 'on_time', '2024-12-05 08:36:49', '2024-12-05 08:36:49'),
(544, 21, '2024-11-08 08:00:00', '2024-11-08 17:00:00', 'on_time', 'on_time', '2024-12-05 08:36:49', '2024-12-05 08:36:49'),
(545, 21, '2024-11-07 08:00:00', '2024-11-07 17:00:00', 'on_time', 'on_time', '2024-12-05 08:36:49', '2024-12-05 08:36:49'),
(546, 21, '2024-11-06 08:00:00', '2024-11-06 17:00:00', 'on_time', 'on_time', '2024-12-05 08:36:49', '2024-12-05 08:36:49');

-- --------------------------------------------------------

--
-- Table structure for table `leave_requests`
--

CREATE TABLE `leave_requests` (
  `id` bigint UNSIGNED NOT NULL,
  `user_id` bigint UNSIGNED NOT NULL,
  `start_date` date NOT NULL,
  `end_date` date NOT NULL,
  `reason` text COLLATE utf8mb3_unicode_ci NOT NULL,
  `approved_by` bigint UNSIGNED DEFAULT NULL,
  `status` enum('pending','approved','rejected') COLLATE utf8mb3_unicode_ci NOT NULL,
  `created_at` timestamp NOT NULL DEFAULT CURRENT_TIMESTAMP,
  `updated_at` timestamp NOT NULL DEFAULT CURRENT_TIMESTAMP ON UPDATE CURRENT_TIMESTAMP
) ENGINE=InnoDB DEFAULT CHARSET=utf8mb3 COLLATE=utf8mb3_unicode_ci;

--
-- Dumping data for table `leave_requests`
--

INSERT INTO `leave_requests` (`id`, `user_id`, `start_date`, `end_date`, `reason`, `approved_by`, `status`, `created_at`, `updated_at`) VALUES
(1, 1, '2024-12-05', '2024-12-08', 'Cn ngh php v l do c nhn', 11, 'pending', '2024-12-05 08:36:49', '2024-12-05 08:36:49'),
(2, 2, '2024-12-05', '2024-12-08', 'Cn ngh php v l do c nhn', 2, 'pending', '2024-12-05 08:36:49', '2024-12-05 08:36:49'),
(3, 3, '2024-12-05', '2024-12-08', 'Cn ngh php v l do c nhn', 12, 'pending', '2024-12-05 08:36:49', '2024-12-05 08:36:49'),
(4, 4, '2024-12-05', '2024-12-08', 'Cn ngh php v l do c nhn', 7, 'pending', '2024-12-05 08:36:49', '2024-12-05 08:36:49'),
(5, 5, '2024-12-05', '2024-12-08', 'Cn ngh php v l do c nhn', 7, 'pending', '2024-12-05 08:36:49', '2024-12-05 08:36:49'),
(6, 6, '2024-12-05', '2024-12-08', 'Cn ngh php v l do c nhn', 14, 'pending', '2024-12-05 08:36:49', '2024-12-05 08:36:49'),
(7, 7, '2024-12-05', '2024-12-08', 'Cn ngh php v l do c nhn', 13, 'pending', '2024-12-05 08:36:49', '2024-12-05 08:36:49'),
(8, 8, '2024-12-05', '2024-12-08', 'Cn ngh php v l do c nhn', 9, 'pending', '2024-12-05 08:36:49', '2024-12-05 08:36:49'),
(9, 9, '2024-12-05', '2024-12-08', 'Cn ngh php v l do c nhn', 3, 'pending', '2024-12-05 08:36:49', '2024-12-05 08:36:49'),
(10, 10, '2024-12-05', '2024-12-08', 'Cn ngh php v l do c nhn', 14, 'pending', '2024-12-05 08:36:49', '2024-12-05 08:36:49'),
(11, 11, '2024-12-05', '2024-12-08', 'Cn ngh php v l do c nhn', 20, 'pending', '2024-12-05 08:36:49', '2024-12-05 08:36:49'),
(12, 12, '2024-12-05', '2024-12-08', 'Cn ngh php v l do c nhn', 13, 'pending', '2024-12-05 08:36:49', '2024-12-05 08:36:49'),
(13, 13, '2024-12-05', '2024-12-08', 'Cn ngh php v l do c nhn', 16, 'pending', '2024-12-05 08:36:49', '2024-12-05 08:36:49'),
(14, 14, '2024-12-05', '2024-12-08', 'Cn ngh php v l do c nhn', 11, 'pending', '2024-12-05 08:36:49', '2024-12-05 08:36:49'),
(15, 15, '2024-12-05', '2024-12-08', 'Cn ngh php v l do c nhn', 18, 'pending', '2024-12-05 08:36:49', '2024-12-05 08:36:49'),
(16, 16, '2024-12-05', '2024-12-08', 'Cn ngh php v l do c nhn', 2, 'pending', '2024-12-05 08:36:49', '2024-12-05 08:36:49'),
(17, 17, '2024-12-05', '2024-12-08', 'Cn ngh php v l do c nhn', 20, 'pending', '2024-12-05 08:36:49', '2024-12-05 08:36:49'),
(18, 18, '2024-12-05', '2024-12-08', 'Cn ngh php v l do c nhn', 4, 'pending', '2024-12-05 08:36:49', '2024-12-05 08:36:49'),
(19, 19, '2024-12-05', '2024-12-08', 'Cn ngh php v l do c nhn', 19, 'pending', '2024-12-05 08:36:49', '2024-12-05 08:36:49'),
(20, 20, '2024-12-05', '2024-12-08', 'Cn ngh php v l do c nhn', 12, 'pending', '2024-12-05 08:36:49', '2024-12-05 08:36:49'),
(21, 21, '2024-12-05', '2024-12-08', 'Cn ngh php v l do c nhn', 15, 'pending', '2024-12-05 08:36:49', '2024-12-05 08:36:49');

-- --------------------------------------------------------

--
-- Table structure for table `notifications`
--

CREATE TABLE `notifications` (
  `id` bigint UNSIGNED NOT NULL,
  `title` text COLLATE utf8mb3_unicode_ci NOT NULL,
  `message` text COLLATE utf8mb3_unicode_ci NOT NULL,
  `created_at` timestamp NOT NULL DEFAULT CURRENT_TIMESTAMP,
  `updated_at` timestamp NOT NULL DEFAULT CURRENT_TIMESTAMP ON UPDATE CURRENT_TIMESTAMP
) ENGINE=InnoDB DEFAULT CHARSET=utf8mb3 COLLATE=utf8mb3_unicode_ci;

--
-- Dumping data for table `notifications`
--

INSERT INTO `notifications` (`id`, `title`, `message`, `created_at`, `updated_at`) VALUES
(1, 'Thng bao th nghim 1', 'y la ni dung thng bao th nghim 1', '2024-12-05 08:36:49', '2024-12-05 08:36:49'),
(2, 'Thng bao th nghim 2', 'y la ni dung thng bao th nghim 2', '2024-12-05 08:36:49', '2024-12-05 08:36:49'),
(3, 'Thng bao th nghim 3', 'y la ni dung thng bao th nghim 3', '2024-12-05 08:36:49', '2024-12-05 08:36:49'),
(4, 'Thng bao th nghim 4', 'y la ni dung thng bao th nghim 4', '2024-12-05 08:36:49', '2024-12-05 08:36:49'),
(5, 'Thng bao th nghim 5', 'y la ni dung thng bao th nghim 5', '2024-12-05 08:36:49', '2024-12-05 08:36:49');

-- --------------------------------------------------------

--
-- Table structure for table `notify_office`
--

CREATE TABLE `notify_office` (
  `id` bigint UNSIGNED NOT NULL,
  `office_id` bigint UNSIGNED NOT NULL,
  `notify_id` bigint UNSIGNED NOT NULL,
  `created_at` timestamp NOT NULL DEFAULT CURRENT_TIMESTAMP,
  `updated_at` timestamp NOT NULL DEFAULT CURRENT_TIMESTAMP ON UPDATE CURRENT_TIMESTAMP
) ENGINE=InnoDB DEFAULT CHARSET=utf8mb3 COLLATE=utf8mb3_unicode_ci;

--
-- Dumping data for table `notify_office`
--

INSERT INTO `notify_office` (`id`, `office_id`, `notify_id`, `created_at`, `updated_at`) VALUES
(1, 1, 1, '2024-12-05 08:36:49', '2024-12-05 08:36:49'),
(2, 4, 2, '2024-12-05 08:36:49', '2024-12-05 08:36:49'),
(3, 2, 3, '2024-12-05 08:36:49', '2024-12-05 08:36:49'),
(4, 2, 4, '2024-12-05 08:36:49', '2024-12-05 08:36:49'),
(5, 2, 5, '2024-12-05 08:36:49', '2024-12-05 08:36:49');

-- --------------------------------------------------------

--
-- Table structure for table `notify_user`
--

CREATE TABLE `notify_user` (
  `id` bigint UNSIGNED NOT NULL,
  `user_id` bigint UNSIGNED NOT NULL,
  `notify_id` bigint UNSIGNED NOT NULL,
  `created_at` timestamp NOT NULL DEFAULT CURRENT_TIMESTAMP,
  `updated_at` timestamp NOT NULL DEFAULT CURRENT_TIMESTAMP ON UPDATE CURRENT_TIMESTAMP
) ENGINE=InnoDB DEFAULT CHARSET=utf8mb3 COLLATE=utf8mb3_unicode_ci;

--
-- Dumping data for table `notify_user`
--

INSERT INTO `notify_user` (`id`, `user_id`, `notify_id`, `created_at`, `updated_at`) VALUES
(1, 3, 1, '2024-12-05 08:36:49', '2024-12-05 08:36:49'),
(2, 11, 2, '2024-12-05 08:36:49', '2024-12-05 08:36:49'),
(3, 13, 3, '2024-12-05 08:36:49', '2024-12-05 08:36:49'),
(4, 12, 4, '2024-12-05 08:36:49', '2024-12-05 08:36:49'),
(5, 7, 5, '2024-12-05 08:36:49', '2024-12-05 08:36:49');

-- --------------------------------------------------------

--
-- Table structure for table `offices`
--

CREATE TABLE `offices` (
  `id` bigint UNSIGNED NOT NULL,
  `name` varchar(255) COLLATE utf8mb3_unicode_ci NOT NULL,
  `location` varchar(255) COLLATE utf8mb3_unicode_ci NOT NULL,
  `created_at` timestamp NOT NULL DEFAULT CURRENT_TIMESTAMP,
  `updated_at` timestamp NOT NULL DEFAULT CURRENT_TIMESTAMP ON UPDATE CURRENT_TIMESTAMP
) ENGINE=InnoDB DEFAULT CHARSET=utf8mb3 COLLATE=utf8mb3_unicode_ci;

--
-- Dumping data for table `offices`
--

INSERT INTO `offices` (`id`, `name`, `location`, `created_at`, `updated_at`) VALUES
(1, 'Phong IT', 'Tng 1 toa Alpha', '2024-12-05 08:36:49', '2024-12-05 08:36:49'),
(2, 'Phong Nhn s', 'Tng 1 toa Alpha', '2024-12-05 08:36:49', '2024-12-05 08:36:49'),
(3, 'Phong Marketing', 'Tng 1 toa Alpha', '2024-12-05 08:36:49', '2024-12-05 08:36:49'),
(4, 'Phong tai chinh - k toan', 'Tng 1 toa Alpha', '2024-12-05 08:36:49', '2024-12-05 08:36:49');

-- --------------------------------------------------------

--
-- Table structure for table `office_users`
--

CREATE TABLE `office_users` (
  `id` bigint UNSIGNED NOT NULL,
  `office_id` bigint UNSIGNED NOT NULL,
  `user_id` bigint UNSIGNED NOT NULL,
  `created_at` timestamp NOT NULL DEFAULT CURRENT_TIMESTAMP,
  `updated_at` timestamp NOT NULL DEFAULT CURRENT_TIMESTAMP ON UPDATE CURRENT_TIMESTAMP
) ENGINE=InnoDB DEFAULT CHARSET=utf8mb3 COLLATE=utf8mb3_unicode_ci;

--
-- Dumping data for table `office_users`
--

INSERT INTO `office_users` (`id`, `office_id`, `user_id`, `created_at`, `updated_at`) VALUES
(1, 1, 2, '2024-12-05 08:36:49', '2024-12-05 08:36:49'),
(2, 2, 3, '2024-12-05 08:36:49', '2024-12-05 08:36:49'),
(3, 3, 4, '2024-12-05 08:36:49', '2024-12-05 08:36:49'),
(4, 4, 5, '2024-12-05 08:36:49', '2024-12-05 08:36:49'),
(5, 2, 6, '2024-12-05 08:36:49', '2024-12-05 08:36:49'),
(6, 4, 7, '2024-12-05 08:36:49', '2024-12-05 08:36:49'),
(7, 1, 8, '2024-12-05 08:36:49', '2024-12-05 08:36:49'),
(8, 1, 9, '2024-12-05 08:36:49', '2024-12-05 08:36:49'),
(9, 1, 10, '2024-12-05 08:36:49', '2024-12-05 08:36:49'),
(10, 1, 11, '2024-12-05 08:36:49', '2024-12-05 08:36:49'),
(11, 3, 12, '2024-12-05 08:36:49', '2024-12-05 08:36:49'),
(12, 2, 13, '2024-12-05 08:36:49', '2024-12-05 08:36:49'),
(13, 3, 14, '2024-12-05 08:36:49', '2024-12-05 08:36:49'),
(14, 3, 15, '2024-12-05 08:36:49', '2024-12-05 08:36:49'),
(15, 1, 16, '2024-12-05 08:36:49', '2024-12-05 08:36:49'),
(16, 3, 17, '2024-12-05 08:36:49', '2024-12-05 08:36:49'),
(17, 4, 18, '2024-12-05 08:36:49', '2024-12-05 08:36:49'),
(18, 4, 19, '2024-12-05 08:36:49', '2024-12-05 08:36:49'),
(19, 3, 20, '2024-12-05 08:36:49', '2024-12-05 08:36:49'),
(20, 2, 21, '2024-12-05 08:36:49', '2024-12-05 08:36:49');

-- --------------------------------------------------------

--
-- Table structure for table `ot_request`
--

CREATE TABLE `ot_request` (
  `id` bigint UNSIGNED NOT NULL,
  `user_id` bigint UNSIGNED NOT NULL,
  `shift_id` bigint UNSIGNED NOT NULL,
  `requested_hours` decimal(5,2) NOT NULL,
  `approved_hours` decimal(5,2) DEFAULT NULL,
  `status` enum('pending','approved','rejected') COLLATE utf8mb3_unicode_ci NOT NULL DEFAULT 'pending',
  `created_at` timestamp NOT NULL DEFAULT CURRENT_TIMESTAMP,
  `updated_at` timestamp NOT NULL DEFAULT CURRENT_TIMESTAMP ON UPDATE CURRENT_TIMESTAMP
) ENGINE=InnoDB DEFAULT CHARSET=utf8mb3 COLLATE=utf8mb3_unicode_ci;

--
-- Dumping data for table `ot_request`
--

INSERT INTO `ot_request` (`id`, `user_id`, `shift_id`, `requested_hours`, `approved_hours`, `status`, `created_at`, `updated_at`) VALUES
(1, 2, 1, '4.00', NULL, 'approved', '2024-12-05 08:37:44', '2024-12-05 08:46:05');

-- --------------------------------------------------------

--
-- Table structure for table `roles`
--

CREATE TABLE `roles` (
  `id` bigint UNSIGNED NOT NULL,
  `name` varchar(255) COLLATE utf8mb3_unicode_ci NOT NULL,
  `created_at` timestamp NOT NULL DEFAULT CURRENT_TIMESTAMP,
  `updated_at` timestamp NOT NULL DEFAULT CURRENT_TIMESTAMP ON UPDATE CURRENT_TIMESTAMP
) ENGINE=InnoDB DEFAULT CHARSET=utf8mb3 COLLATE=utf8mb3_unicode_ci;

--
-- Dumping data for table `roles`
--

INSERT INTO `roles` (`id`, `name`, `created_at`, `updated_at`) VALUES
(1, 'admin', '2024-12-05 08:36:46', '2024-12-05 08:36:46'),
(2, 'manager', '2024-12-05 08:36:46', '2024-12-05 08:36:46'),
(3, 'user', '2024-12-05 08:36:46', '2024-12-05 08:36:46');

-- --------------------------------------------------------

--
-- Table structure for table `salaries`
--

CREATE TABLE `salaries` (
  `id` bigint UNSIGNED NOT NULL,
  `user_id` bigint UNSIGNED NOT NULL,
  `base_salary` decimal(10,2) NOT NULL,
  `total_bonus` decimal(10,2) DEFAULT NULL,
  `total_deductions` decimal(10,2) DEFAULT NULL,
  `total_allowances` decimal(10,2) DEFAULT NULL,
  `net_salary` decimal(10,2) NOT NULL,
  `created_at` timestamp NOT NULL DEFAULT CURRENT_TIMESTAMP,
  `updated_at` timestamp NOT NULL DEFAULT CURRENT_TIMESTAMP ON UPDATE CURRENT_TIMESTAMP
) ENGINE=InnoDB DEFAULT CHARSET=utf8mb3 COLLATE=utf8mb3_unicode_ci;

--
-- Dumping data for table `salaries`
--

INSERT INTO `salaries` (`id`, `user_id`, `base_salary`, `total_bonus`, `total_deductions`, `total_allowances`, `net_salary`, `created_at`, `updated_at`) VALUES
(1, 1, '10000000.00', '3000000.00', '1000000.00', '100000.00', '12000000.00', '2024-12-05 08:36:49', '2024-12-05 08:36:49'),
(2, 2, '10000000.00', '3000000.00', '1000000.00', '100000.00', '12000000.00', '2024-12-05 08:36:49', '2024-12-05 08:36:49'),
(3, 3, '10000000.00', '3000000.00', '1000000.00', '100000.00', '12000000.00', '2024-12-05 08:36:49', '2024-12-05 08:36:49'),
(4, 4, '10000000.00', '3000000.00', '1000000.00', '100000.00', '12000000.00', '2024-12-05 08:36:49', '2024-12-05 08:36:49'),
(5, 5, '10000000.00', '3000000.00', '1000000.00', '100000.00', '12000000.00', '2024-12-05 08:36:49', '2024-12-05 08:36:49'),
(6, 6, '10000000.00', '3000000.00', '1000000.00', '100000.00', '12000000.00', '2024-12-05 08:36:49', '2024-12-05 08:36:49'),
(7, 7, '10000000.00', '3000000.00', '1000000.00', '100000.00', '12000000.00', '2024-12-05 08:36:49', '2024-12-05 08:36:49'),
(8, 8, '10000000.00', '3000000.00', '1000000.00', '100000.00', '12000000.00', '2024-12-05 08:36:49', '2024-12-05 08:36:49'),
(9, 9, '10000000.00', '3000000.00', '1000000.00', '100000.00', '12000000.00', '2024-12-05 08:36:49', '2024-12-05 08:36:49'),
(10, 10, '10000000.00', '3000000.00', '1000000.00', '100000.00', '12000000.00', '2024-12-05 08:36:49', '2024-12-05 08:36:49'),
(11, 11, '10000000.00', '3000000.00', '1000000.00', '100000.00', '12000000.00', '2024-12-05 08:36:49', '2024-12-05 08:36:49'),
(12, 12, '10000000.00', '3000000.00', '1000000.00', '100000.00', '12000000.00', '2024-12-05 08:36:49', '2024-12-05 08:36:49'),
(13, 13, '10000000.00', '3000000.00', '1000000.00', '100000.00', '12000000.00', '2024-12-05 08:36:49', '2024-12-05 08:36:49'),
(14, 14, '10000000.00', '3000000.00', '1000000.00', '100000.00', '12000000.00', '2024-12-05 08:36:49', '2024-12-05 08:36:49'),
(15, 15, '10000000.00', '3000000.00', '1000000.00', '100000.00', '12000000.00', '2024-12-05 08:36:49', '2024-12-05 08:36:49'),
(16, 16, '10000000.00', '3000000.00', '1000000.00', '100000.00', '12000000.00', '2024-12-05 08:36:49', '2024-12-05 08:36:49'),
(17, 17, '10000000.00', '3000000.00', '1000000.00', '100000.00', '12000000.00', '2024-12-05 08:36:49', '2024-12-05 08:36:49'),
(18, 18, '10000000.00', '3000000.00', '1000000.00', '100000.00', '12000000.00', '2024-12-05 08:36:49', '2024-12-05 08:36:49'),
(19, 19, '10000000.00', '3000000.00', '1000000.00', '100000.00', '12000000.00', '2024-12-05 08:36:49', '2024-12-05 08:36:49'),
(20, 20, '10000000.00', '3000000.00', '1000000.00', '100000.00', '12000000.00', '2024-12-05 08:36:49', '2024-12-05 08:36:49'),
(21, 21, '10000000.00', '3000000.00', '1000000.00', '100000.00', '12000000.00', '2024-12-05 08:36:49', '2024-12-05 08:36:49');

-- --------------------------------------------------------

--
-- Table structure for table `salary_adjustments`
--

CREATE TABLE `salary_adjustments` (
  `id` bigint UNSIGNED NOT NULL,
  `salary_id` bigint UNSIGNED NOT NULL,
  `user_id` bigint UNSIGNED NOT NULL,
  `type` enum('bonus','deduction','raise') COLLATE utf8mb3_unicode_ci NOT NULL,
  `amount` decimal(10,2) NOT NULL,
  `description` varchar(255) COLLATE utf8mb3_unicode_ci NOT NULL,
  `created_at` timestamp NOT NULL DEFAULT CURRENT_TIMESTAMP,
  `updated_at` timestamp NOT NULL DEFAULT CURRENT_TIMESTAMP ON UPDATE CURRENT_TIMESTAMP
) ENGINE=InnoDB DEFAULT CHARSET=utf8mb3 COLLATE=utf8mb3_unicode_ci;

--
-- Dumping data for table `salary_adjustments`
--

INSERT INTO `salary_adjustments` (`id`, `salary_id`, `user_id`, `type`, `amount`, `description`, `created_at`, `updated_at`) VALUES
(1, 14, 1, 'bonus', '179.00', 'Thng thnh tch tt', '2024-12-05 08:36:49', '2024-12-05 08:36:49'),
(2, 16, 2, 'bonus', '303.00', 'Thng thnh tch tt', '2024-12-05 08:36:49', '2024-12-05 08:36:49'),
(3, 2, 3, 'bonus', '248.00', 'Thng thnh tch tt', '2024-12-05 08:36:49', '2024-12-05 08:36:49'),
(4, 4, 4, 'bonus', '179.00', 'Thng thnh tch tt', '2024-12-05 08:36:49', '2024-12-05 08:36:49'),
(5, 1, 5, 'bonus', '350.00', 'Thng thnh tch tt', '2024-12-05 08:36:49', '2024-12-05 08:36:49'),
(6, 15, 6, 'bonus', '361.00', 'Thng thnh tch tt', '2024-12-05 08:36:49', '2024-12-05 08:36:49'),
(7, 15, 7, 'bonus', '250.00', 'Thng thnh tch tt', '2024-12-05 08:36:49', '2024-12-05 08:36:49'),
(8, 9, 8, 'bonus', '404.00', 'Thng thnh tch tt', '2024-12-05 08:36:49', '2024-12-05 08:36:49'),
(9, 18, 9, 'bonus', '230.00', 'Thng thnh tch tt', '2024-12-05 08:36:49', '2024-12-05 08:36:49'),
(10, 2, 10, 'bonus', '148.00', 'Thng thnh tch tt', '2024-12-05 08:36:49', '2024-12-05 08:36:49'),
(11, 15, 11, 'bonus', '131.00', 'Thng thnh tch tt', '2024-12-05 08:36:49', '2024-12-05 08:36:49'),
(12, 4, 12, 'bonus', '136.00', 'Thng thnh tch tt', '2024-12-05 08:36:49', '2024-12-05 08:36:49'),
(13, 15, 13, 'bonus', '366.00', 'Thng thnh tch tt', '2024-12-05 08:36:49', '2024-12-05 08:36:49'),
(14, 6, 14, 'bonus', '143.00', 'Thng thnh tch tt', '2024-12-05 08:36:49', '2024-12-05 08:36:49'),
(15, 14, 15, 'bonus', '265.00', 'Thng thnh tch tt', '2024-12-05 08:36:49', '2024-12-05 08:36:49'),
(16, 13, 16, 'bonus', '211.00', 'Thng thnh tch tt', '2024-12-05 08:36:49', '2024-12-05 08:36:49'),
(17, 16, 17, 'bonus', '251.00', 'Thng thnh tch tt', '2024-12-05 08:36:49', '2024-12-05 08:36:49'),
(18, 12, 18, 'bonus', '269.00', 'Thng thnh tch tt', '2024-12-05 08:36:49', '2024-12-05 08:36:49'),
(19, 3, 19, 'bonus', '193.00', 'Thng thnh tch tt', '2024-12-05 08:36:49', '2024-12-05 08:36:49'),
(20, 19, 20, 'bonus', '295.00', 'Thng thnh tch tt', '2024-12-05 08:36:49', '2024-12-05 08:36:49'),
(21, 19, 21, 'bonus', '440.00', 'Thng thnh tch tt', '2024-12-05 08:36:49', '2024-12-05 08:36:49');

-- --------------------------------------------------------

--
-- Table structure for table `settings`
--

CREATE TABLE `settings` (
  `id` bigint UNSIGNED NOT NULL,
  `setting_key` varchar(255) COLLATE utf8mb3_unicode_ci NOT NULL,
  `setting_value` text COLLATE utf8mb3_unicode_ci NOT NULL,
  `description` text COLLATE utf8mb3_unicode_ci NOT NULL,
  `created_at` timestamp NOT NULL DEFAULT CURRENT_TIMESTAMP,
  `updated_at` timestamp NOT NULL DEFAULT CURRENT_TIMESTAMP ON UPDATE CURRENT_TIMESTAMP
) ENGINE=InnoDB DEFAULT CHARSET=utf8mb3 COLLATE=utf8mb3_unicode_ci;

-- --------------------------------------------------------

--
-- Table structure for table `shifts`
--

CREATE TABLE `shifts` (
  `id` bigint UNSIGNED NOT NULL,
  `shift_name` varchar(255) COLLATE utf8mb3_unicode_ci NOT NULL,
  `start_time` time NOT NULL,
  `end_time` time NOT NULL,
  `is_overtime` tinyint NOT NULL,
  `created_at` timestamp NOT NULL DEFAULT CURRENT_TIMESTAMP,
  `updated_at` timestamp NOT NULL DEFAULT CURRENT_TIMESTAMP ON UPDATE CURRENT_TIMESTAMP
) ENGINE=InnoDB DEFAULT CHARSET=utf8mb3 COLLATE=utf8mb3_unicode_ci;

--
-- Dumping data for table `shifts`
--

INSERT INTO `shifts` (`id`, `shift_name`, `start_time`, `end_time`, `is_overtime`, `created_at`, `updated_at`) VALUES
(1, 'Sang', '08:00:00', '17:00:00', 0, '2024-12-05 08:36:49', '2024-12-05 08:36:49'),
(2, 'Ti', '18:00:00', '23:00:00', 0, '2024-12-05 08:36:49', '2024-12-05 08:36:49');

-- --------------------------------------------------------

--
-- Table structure for table `statistics`
--

CREATE TABLE `statistics` (
  `id` bigint UNSIGNED NOT NULL,
  `user_id` bigint UNSIGNED NOT NULL,
  `attendance_days` int UNSIGNED NOT NULL,
  `late_days` int UNSIGNED NOT NULL,
  `absent_days` int UNSIGNED NOT NULL,
  `year` int UNSIGNED NOT NULL,
  `month` int UNSIGNED NOT NULL,
  `created_at` timestamp NOT NULL DEFAULT CURRENT_TIMESTAMP,
  `updated_at` timestamp NOT NULL DEFAULT CURRENT_TIMESTAMP ON UPDATE CURRENT_TIMESTAMP
) ENGINE=InnoDB DEFAULT CHARSET=utf8mb3 COLLATE=utf8mb3_unicode_ci;

-- --------------------------------------------------------

--
-- Table structure for table `users`
--

CREATE TABLE `users` (
  `id` bigint UNSIGNED NOT NULL,
  `username` varchar(255) COLLATE utf8mb3_unicode_ci NOT NULL,
  `password` varchar(255) COLLATE utf8mb3_unicode_ci NOT NULL,
  `full_name` varchar(255) COLLATE utf8mb3_unicode_ci NOT NULL,
  `address` varchar(255) COLLATE utf8mb3_unicode_ci DEFAULT NULL,
  `birthday` date NOT NULL,
  `gender` enum('male','female','other') COLLATE utf8mb3_unicode_ci NOT NULL,
  `avatar` varchar(255) COLLATE utf8mb3_unicode_ci DEFAULT NULL,
  `email` varchar(255) COLLATE utf8mb3_unicode_ci NOT NULL,
  `phone` varchar(255) COLLATE utf8mb3_unicode_ci DEFAULT NULL,
  `role_id` bigint UNSIGNED NOT NULL,
  `status` enum('active','inactive') COLLATE utf8mb3_unicode_ci NOT NULL,
  `UID` varchar(255) COLLATE utf8mb3_unicode_ci NOT NULL,
  `created_at` timestamp NOT NULL DEFAULT CURRENT_TIMESTAMP,
  `updated_at` timestamp NOT NULL DEFAULT CURRENT_TIMESTAMP ON UPDATE CURRENT_TIMESTAMP
) ENGINE=InnoDB DEFAULT CHARSET=utf8mb3 COLLATE=utf8mb3_unicode_ci;

--
-- Dumping data for table `users`
--

INSERT INTO `users` (`id`, `username`, `password`, `full_name`, `address`, `birthday`, `gender`, `avatar`, `email`, `phone`, `role_id`, `status`, `UID`, `created_at`, `updated_at`) VALUES
(1, 'admin', '$argon2id$v=19$m=65536,t=4,p=1$Qk1QeFVlVzlqejZKWDdRcg$mfNPdudT8k8ZJ+r281rGgWKF5fmEYP/jI0BSTxIvqT4', 'Alana Gorczany', '1900 Rubie Hills\nKuhlmanfort, AR 45100', '1980-12-18', 'male', NULL, 'admin@example.com', '984-219-5480', 1, 'active', '6751661e5f663', '2024-12-05 08:36:49', '2024-12-05 08:36:49'),
(2, 'manager1', '$argon2id$v=19$m=65536,t=4,p=1$MXExTVB3OUV0VFVWd05Ldw$2/tDAeCCJMjEoyszkgmsmrMIomnP0rqx7db6Lb50HII', 'Katharina Boyer', '859 Geo Radial Suite 009\nSouth Cicero, NE 23662', '1988-10-16', 'male', NULL, 'vlynch@rath.com', '559.200.2947', 2, 'active', '6751661e826a9', '2024-12-05 08:36:49', '2024-12-05 08:36:49'),
(3, 'manager2', '$argon2id$v=19$m=65536,t=4,p=1$d1dsSGxWaTZWbjVnWTBvcg$xZYnKz5T8jGr9WYc3ZpP66PMKJXyB3mAySHmPY5w0Lo', 'Dr. Deontae Rath PhD', '336 Windler Parkways\nGerholdland, FL 82134-5064', '1987-02-16', 'male', NULL, 'claudine84@hotmail.com', '+1.458.477.3285', 2, 'active', '6751661ea4e6b', '2024-12-05 08:36:49', '2024-12-05 08:36:49'),
(4, 'manager3', '$argon2id$v=19$m=65536,t=4,p=1$eWJqcThsR3l5LkJuZUpDLg$mamWTSbVNOwmfn52+N09Z+0wDxG6DJfJXdmcPBfyvU0', 'Melody Hettinger', '47140 Alexandra Row Suite 696\nEast Elvera, SC 28125-7476', '1986-06-23', 'male', NULL, 'bruen.treva@barton.org', '281.512.5241', 2, 'active', '6751661ec7e8b', '2024-12-05 08:36:49', '2024-12-05 08:36:49'),
(5, 'manager4', '$argon2id$v=19$m=65536,t=4,p=1$SjExVldSd1dKeW8zLmZhaw$aGFwVGUImrV+0BlqMViGsXnX3IRAc5DUbSyRNVoE5N8', 'Dr. Cedrick Pfannerstill MD', '9123 Domenic Union Suite 858\nJonatanshire, PA 85541', '1981-08-28', 'female', NULL, 'funk.augustine@gmail.com', '(361) 317-5747', 2, 'active', '6751661eea9fe', '2024-12-05 08:36:49', '2024-12-05 08:36:49'),
(6, 'user1', '$argon2id$v=19$m=65536,t=4,p=1$WmdwMmNhb3dRbE1abnA0SA$gLnUXNcBzpXf2tx2tU35h8D1thcTI64a3iSLgsxgwD4', 'Dr. Geoffrey Mills II', '65316 Okuneva Light\nEast Oral, HI 79778', '1991-11-04', 'male', NULL, 'howell69@keeling.com', '(507) 506-5609', 3, 'active', '6751661f18b7e', '2024-12-05 08:36:49', '2024-12-05 08:36:49'),
(7, 'user2', '$argon2id$v=19$m=65536,t=4,p=1$UWg0RldyNTNFMldXUDRwYg$OqDTXRy58zBC36RZVmmEgOmXuM8NeVmn0op07mtVgzE', 'Marcelle Steuber', '182 Kaya Glens\nReinatown, KS 32064', '1994-10-16', 'male', NULL, 'abrekke@hotmail.com', '(845) 281-3028', 3, 'active', '6751661f3ce68', '2024-12-05 08:36:49', '2024-12-05 08:36:49'),
(8, 'user3', '$argon2id$v=19$m=65536,t=4,p=1$RjJ4OVNPOTQ3bC9FWjFyVA$L33Dd8NWhPBBp1kweas+IOt6kAUGYLxA7T2ArHwFzwg', 'Maribel Howell', '913 Christian Prairie\nLailafurt, NH 35607-0816', '1988-01-31', 'male', NULL, 'tschiller@gmail.com', '+1 (832) 230-6428', 3, 'active', '6751661f5e60e', '2024-12-05 08:36:49', '2024-12-05 08:36:49'),
(9, 'user4', '$argon2id$v=19$m=65536,t=4,p=1$Lmd0b0UydEMwTWJvbi82Sg$RYzLoNpNJMcX7nJbbebtwEclkIUW1INf0mOfaYnntyo', 'Tomasa Heidenreich Jr.', '166 Corkery Prairie Suite 431\nBashirianshire, HI 15184-2688', '1994-08-06', 'female', NULL, 'vcronin@baumbach.biz', '410.724.7192', 3, 'active', '6751661f81079', '2024-12-05 08:36:49', '2024-12-05 08:36:49'),
(10, 'user5', '$argon2id$v=19$m=65536,t=4,p=1$VDBrcXZyLmN0RWtpbmlTeg$EC1n/0+2Fx4DE0DsrJozdR7xEA06VqS8vPEOT1FUokk', 'Giles Hamill', '136 Bashirian Ford\nLeannonfurt, MI 92510', '1989-02-25', 'female', NULL, 'glover.mckayla@yahoo.com', '+1.815.262.9059', 3, 'active', '6751661fa3c68', '2024-12-05 08:36:49', '2024-12-05 08:36:49'),
(11, 'user6', '$argon2id$v=19$m=65536,t=4,p=1$SnI0eDNjU2lkVjZlZ3JJMg$MqZ3PRSczNc/M8CCMNL6MB5GfxZdP64OsEXlXFNWeWw', 'Dr. Alex Gorczany IV', '905 Schuster Cliffs\nSuzanneland, MI 05125', '1972-03-18', 'male', NULL, 'jamel07@doyle.com', '+1-352-421-1222', 3, 'active', '6751661fc5c11', '2024-12-05 08:36:49', '2024-12-05 08:36:49'),
(12, 'user7', '$argon2id$v=19$m=65536,t=4,p=1$MTZTUzNHMEUwaEphYWo3eQ$9jAM6AnYHYhrpxqueOodlucOkN0l1aRxDFbFCGeTTlM', 'Oren Brakus', '2787 Mraz Village Apt. 042\nNorth Greta, FL 10973-3413', '1978-09-06', 'male', NULL, 'dickens.roselyn@torp.net', '858-747-0590', 3, 'active', '6751661fe842b', '2024-12-05 08:36:49', '2024-12-05 08:36:49'),
(13, 'user8', '$argon2id$v=19$m=65536,t=4,p=1$ZjM2aS5VUFF4N3NDcjE5YQ$LDD3W9R8p7wzCW4MMl67IE5uRFEl23q0IVv9EjDXff4', 'Virgie O\'Reilly', '51207 Bahringer Hill\nTamaraburgh, KY 65389-2825', '1988-12-08', 'female', NULL, 'bria.kub@yahoo.com', '+1-475-552-5685', 3, 'active', '6751662016bd8', '2024-12-05 08:36:49', '2024-12-05 08:36:49'),
(14, 'user9', '$argon2id$v=19$m=65536,t=4,p=1$NkZGbVo3azMvT2kzanVIcQ$BPeZaY01uu6daQpRia6Ausm24wS8xjpE6nYLv2ndngA', 'Solon Douglas', '74905 Schamberger Isle\nSouth Eldridgeview, AL 20835-0199', '1981-10-27', 'male', NULL, 'waino86@koelpin.com', '+1 (906) 709-4449', 3, 'active', '675166203935f', '2024-12-05 08:36:49', '2024-12-05 08:36:49'),
(15, 'user10', '$argon2id$v=19$m=65536,t=4,p=1$SnB1Zi9GWVUvR1U1MzNvTw$/bwu1gimaLTiKyn14ZUbB6tnfkD/f+9zr/u4j9X2TKQ', 'Creola Rohan', '34973 Bernhard Village Apt. 178\nCamryntown, OK 05288-5324', '1988-09-01', 'male', NULL, 'madge64@yahoo.com', '351-607-6194', 3, 'active', '675166205ac3f', '2024-12-05 08:36:49', '2024-12-05 08:36:49'),
(16, 'user11', '$argon2id$v=19$m=65536,t=4,p=1$NmZKNGIyakUxR3ljMlN1aQ$zTADRz2ZFTnR5wtXt67W+xc2w1W8X0w0zaDgZN4qp1s', 'Carolanne Ankunding', '993 Gleason Trafficway Suite 131\nNorth Myrtice, SD 12576', '1980-07-12', 'male', NULL, 'pcole@yahoo.com', '(629) 535-4762', 3, 'active', '675166207d3f4', '2024-12-05 08:36:49', '2024-12-05 08:36:49'),
(17, 'user12', '$argon2id$v=19$m=65536,t=4,p=1$VVVZRTNNUldqd01GcXBGRQ$UULV3ncDbgH9baIXNYDyucp84qgmAzbuJiH8uanI4Wc', 'Mr. Sherwood O\'Keefe DVM', '272 Hessel Motorway Suite 127\nPort Wyatt, IL 03320', '1985-11-08', 'male', NULL, 'aurelia.considine@mraz.info', '1-936-384-9101', 3, 'active', '675166209ff6f', '2024-12-05 08:36:49', '2024-12-05 08:36:49'),
(18, 'user13', '$argon2id$v=19$m=65536,t=4,p=1$L0tHakhNdHo3SjdOL3RRVg$xYmX1TRcTHh64IIMpLLGf691hoCdUSW14KTGSzaL50I', 'Roberta Blick', '55375 Shanahan Dale\nKovacekborough, NJ 97290-2978', '1999-01-14', 'female', NULL, 'onikolaus@yahoo.com', '+1.586.789.8521', 3, 'active', '67516620c0cd1', '2024-12-05 08:36:49', '2024-12-05 08:36:49'),
(19, 'user14', '$argon2id$v=19$m=65536,t=4,p=1$UU8wL2l3SnRyUmpVSUlIZg$QXkm6jFO7itVOEaMQ9QYJRnVEgA7L9svv5kq962+F7I', 'Dr. Tressa Bayer V', '84127 Seth Parkways Apt. 288\nCormierbury, ID 01014-2411', '1977-12-01', 'female', NULL, 'alanna51@gmail.com', '+1-717-995-5070', 3, 'active', '67516620e270e', '2024-12-05 08:36:49', '2024-12-05 08:36:49'),
(20, 'user15', '$argon2id$v=19$m=65536,t=4,p=1$a0dLdlp2aktzaEg5QU1lQg$ECh/TxdJi2yGahAJ7PEHBARskbWqoMB9oZeAPzgrgrM', 'Mr. Edwardo Bogisich V', '84223 Leopold Estate Suite 087\nNorth Keshawn, CO 41001-9412', '1985-11-13', 'male', NULL, 'tfeeney@mcglynn.org', '+1-850-417-2922', 3, 'active', '6751662110fe5', '2024-12-05 08:36:49', '2024-12-05 08:36:49'),
(21, 'user16', '$argon2id$v=19$m=65536,t=4,p=1$VlJVbnBZQUNIdEprMXpMcw$00U1eohOCNn2T5JJIO2dhnNwdePltZY+++mARKgA6aM', 'Donny Koss', '631 Lowe River Suite 910\nPort Devynmouth, SD 90736-6683', '1970-08-14', 'male', NULL, 'rosenbaum.sammy@kunde.com', '+1 (414) 353-6098', 3, 'active', '6751662133e84', '2024-12-05 08:36:49', '2024-12-05 08:36:49');

-- --------------------------------------------------------

--
-- Table structure for table `user_shift`
--

CREATE TABLE `user_shift` (
  `id` bigint UNSIGNED NOT NULL,
  `user_id` bigint UNSIGNED NOT NULL,
  `shift_id` bigint UNSIGNED NOT NULL,
  `created_at` timestamp NOT NULL DEFAULT CURRENT_TIMESTAMP,
  `updated_at` timestamp NOT NULL DEFAULT CURRENT_TIMESTAMP ON UPDATE CURRENT_TIMESTAMP
) ENGINE=InnoDB DEFAULT CHARSET=utf8mb3 COLLATE=utf8mb3_unicode_ci;

--
-- Dumping data for table `user_shift`
--

INSERT INTO `user_shift` (`id`, `user_id`, `shift_id`, `created_at`, `updated_at`) VALUES
(1, 1, 1, '2024-12-05 08:36:49', '2024-12-05 08:36:49'),
(2, 2, 1, '2024-12-05 08:36:49', '2024-12-05 08:36:49'),
(3, 3, 1, '2024-12-05 08:36:49', '2024-12-05 08:36:49'),
(4, 4, 1, '2024-12-05 08:36:49', '2024-12-05 08:36:49'),
(5, 5, 1, '2024-12-05 08:36:49', '2024-12-05 08:36:49'),
(6, 6, 1, '2024-12-05 08:36:49', '2024-12-05 08:36:49'),
(7, 7, 1, '2024-12-05 08:36:49', '2024-12-05 08:36:49'),
(8, 8, 1, '2024-12-05 08:36:49', '2024-12-05 08:36:49'),
(9, 9, 1, '2024-12-05 08:36:49', '2024-12-05 08:36:49'),
(10, 10, 1, '2024-12-05 08:36:49', '2024-12-05 08:36:49'),
(11, 11, 1, '2024-12-05 08:36:49', '2024-12-05 08:36:49'),
(12, 12, 1, '2024-12-05 08:36:49', '2024-12-05 08:36:49'),
(13, 13, 1, '2024-12-05 08:36:49', '2024-12-05 08:36:49'),
(14, 14, 1, '2024-12-05 08:36:49', '2024-12-05 08:36:49'),
(15, 15, 1, '2024-12-05 08:36:49', '2024-12-05 08:36:49'),
(16, 16, 1, '2024-12-05 08:36:49', '2024-12-05 08:36:49'),
(17, 17, 1, '2024-12-05 08:36:49', '2024-12-05 08:36:49'),
(18, 18, 1, '2024-12-05 08:36:49', '2024-12-05 08:36:49'),
(19, 19, 1, '2024-12-05 08:36:49', '2024-12-05 08:36:49'),
(20, 20, 1, '2024-12-05 08:36:49', '2024-12-05 08:36:49'),
(21, 21, 1, '2024-12-05 08:36:49', '2024-12-05 08:36:49');

--
-- Indexes for dumped tables
--

--
-- Indexes for table `attendance`
--
ALTER TABLE `attendance`
  ADD PRIMARY KEY (`id`),
  ADD KEY `attendance_user_id_foreign` (`user_id`);

--
-- Indexes for table `leave_requests`
--
ALTER TABLE `leave_requests`
  ADD PRIMARY KEY (`id`),
  ADD KEY `leave_requests_user_id_foreign` (`user_id`),
  ADD KEY `leave_requests_approved_by_foreign` (`approved_by`);

--
-- Indexes for table `notifications`
--
ALTER TABLE `notifications`
  ADD PRIMARY KEY (`id`);

--
-- Indexes for table `notify_office`
--
ALTER TABLE `notify_office`
  ADD PRIMARY KEY (`id`),
  ADD KEY `notify_office_office_id_foreign` (`office_id`),
  ADD KEY `notify_office_notify_id_foreign` (`notify_id`);

--
-- Indexes for table `notify_user`
--
ALTER TABLE `notify_user`
  ADD PRIMARY KEY (`id`),
  ADD KEY `notify_user_user_id_foreign` (`user_id`),
  ADD KEY `notify_user_notify_id_foreign` (`notify_id`);

--
-- Indexes for table `offices`
--
ALTER TABLE `offices`
  ADD PRIMARY KEY (`id`);

--
-- Indexes for table `office_users`
--
ALTER TABLE `office_users`
  ADD PRIMARY KEY (`id`),
  ADD KEY `office_users_office_id_foreign` (`office_id`),
  ADD KEY `office_users_user_id_foreign` (`user_id`);

--
-- Indexes for table `ot_request`
--
ALTER TABLE `ot_request`
  ADD PRIMARY KEY (`id`),
  ADD KEY `ot_request_user_id_foreign` (`user_id`),
  ADD KEY `ot_request_shift_id_foreign` (`shift_id`);

--
-- Indexes for table `roles`
--
ALTER TABLE `roles`
  ADD PRIMARY KEY (`id`);

--
-- Indexes for table `salaries`
--
ALTER TABLE `salaries`
  ADD PRIMARY KEY (`id`),
  ADD KEY `salaries_user_id_foreign` (`user_id`);

--
-- Indexes for table `salary_adjustments`
--
ALTER TABLE `salary_adjustments`
  ADD PRIMARY KEY (`id`),
  ADD KEY `salary_adjustments_salary_id_foreign` (`salary_id`),
  ADD KEY `salary_adjustments_user_id_foreign` (`user_id`);

--
-- Indexes for table `settings`
--
ALTER TABLE `settings`
  ADD PRIMARY KEY (`id`);

--
-- Indexes for table `shifts`
--
ALTER TABLE `shifts`
  ADD PRIMARY KEY (`id`);

--
-- Indexes for table `statistics`
--
ALTER TABLE `statistics`
  ADD PRIMARY KEY (`id`),
  ADD KEY `statistics_user_id_foreign` (`user_id`);

--
-- Indexes for table `users`
--
ALTER TABLE `users`
  ADD PRIMARY KEY (`id`),
  ADD KEY `users_role_id_foreign` (`role_id`);

--
-- Indexes for table `user_shift`
--
ALTER TABLE `user_shift`
  ADD PRIMARY KEY (`id`),
  ADD KEY `user_shift_user_id_foreign` (`user_id`),
  ADD KEY `user_shift_shift_id_foreign` (`shift_id`);

--
-- AUTO_INCREMENT for dumped tables
--

--
-- AUTO_INCREMENT for table `attendance`
--
ALTER TABLE `attendance`
  MODIFY `id` bigint UNSIGNED NOT NULL AUTO_INCREMENT, AUTO_INCREMENT=547;

--
-- AUTO_INCREMENT for table `leave_requests`
--
ALTER TABLE `leave_requests`
  MODIFY `id` bigint UNSIGNED NOT NULL AUTO_INCREMENT, AUTO_INCREMENT=22;

--
-- AUTO_INCREMENT for table `notifications`
--
ALTER TABLE `notifications`
  MODIFY `id` bigint UNSIGNED NOT NULL AUTO_INCREMENT, AUTO_INCREMENT=6;

--
-- AUTO_INCREMENT for table `notify_office`
--
ALTER TABLE `notify_office`
  MODIFY `id` bigint UNSIGNED NOT NULL AUTO_INCREMENT, AUTO_INCREMENT=6;

--
-- AUTO_INCREMENT for table `notify_user`
--
ALTER TABLE `notify_user`
  MODIFY `id` bigint UNSIGNED NOT NULL AUTO_INCREMENT, AUTO_INCREMENT=6;

--
-- AUTO_INCREMENT for table `offices`
--
ALTER TABLE `offices`
  MODIFY `id` bigint UNSIGNED NOT NULL AUTO_INCREMENT, AUTO_INCREMENT=5;

--
-- AUTO_INCREMENT for table `office_users`
--
ALTER TABLE `office_users`
  MODIFY `id` bigint UNSIGNED NOT NULL AUTO_INCREMENT, AUTO_INCREMENT=21;

--
-- AUTO_INCREMENT for table `ot_request`
--
ALTER TABLE `ot_request`
  MODIFY `id` bigint UNSIGNED NOT NULL AUTO_INCREMENT, AUTO_INCREMENT=2;

--
-- AUTO_INCREMENT for table `roles`
--
ALTER TABLE `roles`
  MODIFY `id` bigint UNSIGNED NOT NULL AUTO_INCREMENT, AUTO_INCREMENT=4;

--
-- AUTO_INCREMENT for table `salaries`
--
ALTER TABLE `salaries`
  MODIFY `id` bigint UNSIGNED NOT NULL AUTO_INCREMENT, AUTO_INCREMENT=22;

--
-- AUTO_INCREMENT for table `salary_adjustments`
--
ALTER TABLE `salary_adjustments`
  MODIFY `id` bigint UNSIGNED NOT NULL AUTO_INCREMENT, AUTO_INCREMENT=22;

--
-- AUTO_INCREMENT for table `settings`
--
ALTER TABLE `settings`
  MODIFY `id` bigint UNSIGNED NOT NULL AUTO_INCREMENT;

--
-- AUTO_INCREMENT for table `shifts`
--
ALTER TABLE `shifts`
  MODIFY `id` bigint UNSIGNED NOT NULL AUTO_INCREMENT, AUTO_INCREMENT=3;

--
-- AUTO_INCREMENT for table `statistics`
--
ALTER TABLE `statistics`
  MODIFY `id` bigint UNSIGNED NOT NULL AUTO_INCREMENT;

--
-- AUTO_INCREMENT for table `users`
--
ALTER TABLE `users`
  MODIFY `id` bigint UNSIGNED NOT NULL AUTO_INCREMENT, AUTO_INCREMENT=22;

--
-- AUTO_INCREMENT for table `user_shift`
--
ALTER TABLE `user_shift`
  MODIFY `id` bigint UNSIGNED NOT NULL AUTO_INCREMENT, AUTO_INCREMENT=22;

--
-- Constraints for dumped tables
--

--
-- Constraints for table `attendance`
--
ALTER TABLE `attendance`
  ADD CONSTRAINT `attendance_user_id_foreign` FOREIGN KEY (`user_id`) REFERENCES `users` (`id`) ON DELETE CASCADE;

--
-- Constraints for table `leave_requests`
--
ALTER TABLE `leave_requests`
  ADD CONSTRAINT `leave_requests_approved_by_foreign` FOREIGN KEY (`approved_by`) REFERENCES `users` (`id`) ON DELETE CASCADE,
  ADD CONSTRAINT `leave_requests_user_id_foreign` FOREIGN KEY (`user_id`) REFERENCES `users` (`id`) ON DELETE CASCADE;

--
-- Constraints for table `notify_office`
--
ALTER TABLE `notify_office`
  ADD CONSTRAINT `notify_office_notify_id_foreign` FOREIGN KEY (`notify_id`) REFERENCES `notifications` (`id`) ON DELETE CASCADE,
  ADD CONSTRAINT `notify_office_office_id_foreign` FOREIGN KEY (`office_id`) REFERENCES `offices` (`id`) ON DELETE CASCADE;

--
-- Constraints for table `notify_user`
--
ALTER TABLE `notify_user`
  ADD CONSTRAINT `notify_user_notify_id_foreign` FOREIGN KEY (`notify_id`) REFERENCES `notifications` (`id`) ON DELETE CASCADE,
  ADD CONSTRAINT `notify_user_user_id_foreign` FOREIGN KEY (`user_id`) REFERENCES `users` (`id`) ON DELETE CASCADE;

--
-- Constraints for table `office_users`
--
ALTER TABLE `office_users`
  ADD CONSTRAINT `office_users_office_id_foreign` FOREIGN KEY (`office_id`) REFERENCES `offices` (`id`) ON DELETE CASCADE,
  ADD CONSTRAINT `office_users_user_id_foreign` FOREIGN KEY (`user_id`) REFERENCES `users` (`id`) ON DELETE CASCADE;

--
-- Constraints for table `ot_request`
--
ALTER TABLE `ot_request`
  ADD CONSTRAINT `ot_request_shift_id_foreign` FOREIGN KEY (`shift_id`) REFERENCES `shifts` (`id`) ON DELETE CASCADE,
  ADD CONSTRAINT `ot_request_user_id_foreign` FOREIGN KEY (`user_id`) REFERENCES `users` (`id`) ON DELETE CASCADE;

--
-- Constraints for table `salaries`
--
ALTER TABLE `salaries`
  ADD CONSTRAINT `salaries_user_id_foreign` FOREIGN KEY (`user_id`) REFERENCES `users` (`id`) ON DELETE CASCADE;

--
-- Constraints for table `salary_adjustments`
--
ALTER TABLE `salary_adjustments`
  ADD CONSTRAINT `salary_adjustments_salary_id_foreign` FOREIGN KEY (`salary_id`) REFERENCES `salaries` (`id`) ON DELETE CASCADE,
  ADD CONSTRAINT `salary_adjustments_user_id_foreign` FOREIGN KEY (`user_id`) REFERENCES `users` (`id`) ON DELETE CASCADE;

--
-- Constraints for table `statistics`
--
ALTER TABLE `statistics`
  ADD CONSTRAINT `statistics_user_id_foreign` FOREIGN KEY (`user_id`) REFERENCES `users` (`id`) ON DELETE CASCADE;

--
-- Constraints for table `users`
--
ALTER TABLE `users`
  ADD CONSTRAINT `users_role_id_foreign` FOREIGN KEY (`role_id`) REFERENCES `roles` (`id`) ON DELETE RESTRICT;

--
-- Constraints for table `user_shift`
--
ALTER TABLE `user_shift`
  ADD CONSTRAINT `user_shift_shift_id_foreign` FOREIGN KEY (`shift_id`) REFERENCES `shifts` (`id`) ON DELETE CASCADE,
  ADD CONSTRAINT `user_shift_user_id_foreign` FOREIGN KEY (`user_id`) REFERENCES `users` (`id`) ON DELETE CASCADE;
COMMIT;

/*!40101 SET CHARACTER_SET_CLIENT=@OLD_CHARACTER_SET_CLIENT */;
/*!40101 SET CHARACTER_SET_RESULTS=@OLD_CHARACTER_SET_RESULTS */;
/*!40101 SET COLLATION_CONNECTION=@OLD_COLLATION_CONNECTION */;
